ticket_key,snapshot_id,event_id,game,tip_et,player,market,recommended_side,point,tier,selected_book,selected_price_american,play_to_american,model_p_hit,best_ev,actual_stat_value,result,graded_price_american,stake_units,pnl_units,graded_at_utc,grading_notes
3e63853bb34c5667,daily-20260211T230026Z,8cdd1f682ca6ed36e908ecf3b00f01bc,Indiana Pacers @ Brooklyn Nets,07:40 PM ET,Day'Ron Sharpe,player_points,over,14.5,A,draftkings,-103,-199,0.6859637193331224,0.351948,,,,,,,
fbb79af02f4bfc56,daily-20260211T230026Z,8cdd1f682ca6ed36e908ecf3b00f01bc,Indiana Pacers @ Brooklyn Nets,07:40 PM ET,Nolan Traore,player_assists,over,5.5,A,fanduel,130,-131,0.5838509505703422,0.342857,,,,,,,
4c77f3825d4cfb0c,daily-20260211T230026Z,8cdd1f682ca6ed36e908ecf3b00f01bc,Indiana Pacers @ Brooklyn Nets,07:40 PM ET,Drake Powell,player_points_rebounds_assists,over,11.5,A,draftkings,101,-184,0.6674409448818898,0.341556,,,,,,,
18c538113330d1a9,daily-20260211T230026Z,fa53065fb88985857fe9cfe5372477dc,New York Knicks @ Philadelphia 76ers,07:30 PM ET,Kelly Oubre Jr,player_points_rebounds_assists,over,24.5,A,draftkings,-104,-196,0.6819965080750764,0.337762,,,,,,,
8cf5d11c7ec634fe,daily-20260211T230026Z,7c66ba90233d458cdf37f776c8a9f406,Atlanta Hawks @ Charlotte Hornets,07:10 PM ET,Onyeka Okongwu,player_points_rebounds_assists,over,24.5,A,fanduel,-102,-190,0.6754235739339118,0.337604,,,,,,,
16973f56531f858f,daily-20260211T230026Z,8cdd1f682ca6ed36e908ecf3b00f01bc,Indiana Pacers @ Brooklyn Nets,07:40 PM ET,Danny Wolf,player_points,over,14.5,A,fanduel,100,-185,0.6686842105263158,0.337368,,,,,,,
262f1cbe56a0d664,daily-20260211T230026Z,8cdd1f682ca6ed36e908ecf3b00f01bc,Indiana Pacers @ Brooklyn Nets,07:40 PM ET,Jay Huff,player_points,over,13.5,A,fanduel,102,-179,0.6611694313318922,0.335562,,,,,,,
1e7d5f7603b19762,daily-20260211T230026Z,8cdd1f682ca6ed36e908ecf3b00f01bc,Indiana Pacers @ Brooklyn Nets,07:40 PM ET,Day'Ron Sharpe,player_assists,over,3.5,A,fanduel,130,-128,0.5778903276375608,0.329148,,,,,,,
a6e18a0958efdf2b,daily-20260211T230026Z,8cdd1f682ca6ed36e908ecf3b00f01bc,Indiana Pacers @ Brooklyn Nets,07:40 PM ET,Egor Demin,player_points,over,12.5,A,draftkings,-108,-203,0.6896245807172959,0.328166,,,,,,,
36f0aaea6c0e6d33,daily-20260211T230026Z,8cdd1f682ca6ed36e908ecf3b00f01bc,Indiana Pacers @ Brooklyn Nets,07:40 PM ET,Nolan Traore,player_points,over,12.5,B,draftkings,-103,-179,0.6732356355194429,0.326862,,,,,,,
6d0e92867bf9a370,daily-20260211T230026Z,8cdd1f682ca6ed36e908ecf3b00f01bc,Indiana Pacers @ Brooklyn Nets,07:40 PM ET,Egor Demin,player_points_rebounds_assists,over,19.5,A,draftkings,-115,-221,0.7093932683790964,0.326257,,,,,,,
7d260ff53fd4bf04,daily-20260211T230026Z,8cdd1f682ca6ed36e908ecf3b00f01bc,Indiana Pacers @ Brooklyn Nets,07:40 PM ET,Nolan Traore,player_threes,over,1.5,A,draftkings,152,-104,0.5251662610847598,0.323419,,,,,,,
2ad5e04544855b56,daily-20260211T230026Z,7c66ba90233d458cdf37f776c8a9f406,Atlanta Hawks @ Charlotte Hornets,07:10 PM ET,Zaccharie Risacher,player_threes,over,1.5,A,fanduel,162,104,0.5050776699029127,0.323303,,,,,,,
c29ff8e9c1f8d32f,daily-20260211T230026Z,8cdd1f682ca6ed36e908ecf3b00f01bc,Indiana Pacers @ Brooklyn Nets,07:40 PM ET,Drake Powell,player_points,over,6.5,A,draftkings,-119,-228,0.7157877461706783,0.31729,,,,,,,
23a650e775979405,daily-20260211T230026Z,fa53065fb88985857fe9cfe5372477dc,New York Knicks @ Philadelphia 76ers,07:30 PM ET,Dominick Barlow,player_points_rebounds_assists,over,14.5,B,draftkings,-104,-177,0.6707751837789805,0.315751,,,,,,,
ab43f791946208ac,daily-20260211T230026Z,fa53065fb88985857fe9cfe5372477dc,New York Knicks @ Philadelphia 76ers,07:30 PM ET,Dominick Barlow,player_points,over,8.5,B,draftkings,107,-153,0.634621023342093,0.313666,,,,,,,
1cd755c3579cc86c,daily-20260211T230026Z,fa53065fb88985857fe9cfe5372477dc,New York Knicks @ Philadelphia 76ers,07:30 PM ET,Kelly Oubre Jr,player_threes,over,2.5,B,fanduel,148,-102,0.5291291397625495,0.31224,,,,,,,
bef6681e59fbc6b8,daily-20260211T230026Z,8cdd1f682ca6ed36e908ecf3b00f01bc,Indiana Pacers @ Brooklyn Nets,07:40 PM ET,Jarace Walker,player_threes,over,2.5,A,draftkings,141,-112,0.5442667413841413,0.311683,,,,,,,
93b9b214dfdf7e67,daily-20260211T230026Z,1e29ea38e9c7789166418c9a3544bff9,Washington Wizards @ Cleveland Cavaliers,07:10 PM ET,Jarrett Allen,player_points_rebounds_assists,over,28.5,A,fanduel,-104,-185,0.6685000000000001,0.311288,,,,,,,
6c200871f4c66270,daily-20260211T230026Z,fa53065fb88985857fe9cfe5372477dc,New York Knicks @ Philadelphia 76ers,07:30 PM ET,VJ Edgecombe,player_points_rebounds_assists,over,24.5,B,draftkings,-108,-184,0.6807444326617179,0.311063,,,,,,,
2bc8f96281557aa2,daily-20260211T230026Z,8cdd1f682ca6ed36e908ecf3b00f01bc,Indiana Pacers @ Brooklyn Nets,07:40 PM ET,Danny Wolf,player_points_rebounds_assists,over,24.5,A,draftkings,-113,-207,0.695,0.310044,,,,,,,
0ddc4749ce5f0f69,daily-20260211T230026Z,8cdd1f682ca6ed36e908ecf3b00f01bc,Indiana Pacers @ Brooklyn Nets,07:40 PM ET,Kam Jones,player_points_rebounds_assists,over,22.5,B,fanduel,-113,-195,0.6940000000000001,0.308159,,,,,,,
6bd91eb1f27d0df2,daily-20260211T230026Z,fa53065fb88985857fe9cfe5372477dc,New York Knicks @ Philadelphia 76ers,07:30 PM ET,Tyrese Maxey,player_points_rebounds_assists,over,42.5,B,fanduel,-113,-195,0.6940000000000001,0.308159,,,,,,,
3802e92cfa46875e,daily-20260211T230026Z,8cdd1f682ca6ed36e908ecf3b00f01bc,Indiana Pacers @ Brooklyn Nets,07:40 PM ET,Day'Ron Sharpe,player_points_rebounds_assists,over,29.5,B,fanduel,-115,-199,0.699155412424683,0.307117,,,,,,,
14e1ce4cb343364a,daily-20260211T230026Z,fa53065fb88985857fe9cfe5372477dc,New York Knicks @ Philadelphia 76ers,07:30 PM ET,VJ Edgecombe,player_points_rebounds_assists,over,25.5,B,fanduel,-113,-193,0.691950399672064,0.304296,,,,,,,
4750ce6b33429087,daily-20260211T230026Z,fa53065fb88985857fe9cfe5372477dc,New York Knicks @ Philadelphia 76ers,07:30 PM ET,Kelly Oubre Jr,player_points,over,17.5,B,fanduel,102,-160,0.6455102720259847,0.303931,,,,,,,
230d3fb015630f64,daily-20260211T230026Z,fa53065fb88985857fe9cfe5372477dc,New York Knicks @ Philadelphia 76ers,07:30 PM ET,VJ Edgecombe,player_points,over,16.5,B,fanduel,102,-160,0.6455102720259847,0.303931,,,,,,,
d6513f582473b709,daily-20260211T230026Z,7c66ba90233d458cdf37f776c8a9f406,Atlanta Hawks @ Charlotte Hornets,07:10 PM ET,Jalen Johnson,player_points_rebounds_assists,over,41.5,B,fanduel,-104,-173,0.664740620310155,0.303914,,,,,,,
345e90281009e60c,daily-20260211T230026Z,8cdd1f682ca6ed36e908ecf3b00f01bc,Indiana Pacers @ Brooklyn Nets,07:40 PM ET,Nolan Traore,player_points_rebounds_assists,over,19.5,A,draftkings,-122,-228,0.7161470140416173,0.303153,,,,,,,
355f22a13bc8d6eb,daily-20260211T230026Z,fa53065fb88985857fe9cfe5372477dc,New York Knicks @ Philadelphia 76ers,07:30 PM ET,VJ Edgecombe,player_assists,over,4.5,A,draftkings,119,-137,0.5948779363336992,0.302783,,,,,,,
4168db86ffdea10d,daily-20260211T230026Z,8cdd1f682ca6ed36e908ecf3b00f01bc,Indiana Pacers @ Brooklyn Nets,07:40 PM ET,Jarace Walker,player_points,over,18.5,B,draftkings,-103,-170,0.6607356355194429,0.302227,,,,,,,
753c57b9f8d15614,daily-20260211T230026Z,8cdd1f682ca6ed36e908ecf3b00f01bc,Indiana Pacers @ Brooklyn Nets,07:40 PM ET,Kam Jones,player_points,over,13.5,B,fanduel,-104,-172,0.663740620310155,0.301953,,,,,,,
f8576d7e82b46551,daily-20260211T230026Z,fa53065fb88985857fe9cfe5372477dc,New York Knicks @ Philadelphia 76ers,07:30 PM ET,Jalen Brunson,player_points_rebounds_assists,over,36.5,A,fanduel,-104,-180,0.661940620310155,0.298422,,,,,,,
70f570c62c4ab5e4,daily-20260211T230026Z,fa53065fb88985857fe9cfe5372477dc,New York Knicks @ Philadelphia 76ers,07:30 PM ET,Josh Hart,player_points_rebounds_assists,over,26.5,A,fanduel,-106,-185,0.6680460435296103,0.298278,,,,,,,
0c271a71efb94a6a,daily-20260211T230026Z,fa53065fb88985857fe9cfe5372477dc,New York Knicks @ Philadelphia 76ers,07:30 PM ET,Karl-Anthony Towns,player_points_rebounds_assists,over,32.5,A,fanduel,-111,-197,0.6828645958699511,0.298058,,,,,,,
6c9f679c4f1430e6,daily-20260211T230026Z,8cdd1f682ca6ed36e908ecf3b00f01bc,Indiana Pacers @ Brooklyn Nets,07:40 PM ET,Ziaire Williams,player_rebounds,over,3.5,B,fanduel,124,-123,0.5791398447606727,0.297273,,,,,,,
c6b30ed012b1fec9,daily-20260211T230026Z,8cdd1f682ca6ed36e908ecf3b00f01bc,Indiana Pacers @ Brooklyn Nets,07:40 PM ET,Kam Jones,player_threes,over,1.5,A,draftkings,130,-121,0.5637280099812851,0.296574,,,,,,,
673767677282d971,daily-20260211T230026Z,7c66ba90233d458cdf37f776c8a9f406,Atlanta Hawks @ Charlotte Hornets,07:10 PM ET,Nickeil Alexander-Walker,player_points_rebounds_assists,over,25.5,A,fanduel,-113,-201,0.6877704018448135,0.296417,,,,,,,
995bf4614d611006,daily-20260211T230026Z,fa53065fb88985857fe9cfe5372477dc,New York Knicks @ Philadelphia 76ers,07:30 PM ET,Landry Shamet,player_threes,over,2.5,A,fanduel,124,-128,0.5784718085943649,0.295777,,,,,,,
01d1c3348dc18b46,daily-20260211T230026Z,fa53065fb88985857fe9cfe5372477dc,New York Knicks @ Philadelphia 76ers,07:30 PM ET,VJ Edgecombe,player_points,over,15.5,B,draftkings,-103,-167,0.6568356355194429,0.29454,,,,,,,
e18e24e46812da5d,daily-20260211T230026Z,fa53065fb88985857fe9cfe5372477dc,New York Knicks @ Philadelphia 76ers,07:30 PM ET,Tyrese Maxey,player_points,over,30.5,A,draftkings,-114,-203,0.6895861135524697,0.294486,,,,,,,
ad54f76a853b6347,daily-20260211T230026Z,fa53065fb88985857fe9cfe5372477dc,New York Knicks @ Philadelphia 76ers,07:30 PM ET,Tyrese Maxey,player_rebounds,over,3.5,A,draftkings,104,-160,0.6335960784313726,0.292536,,,,,,,
489d9ac60065e4f8,daily-20260211T230026Z,8cdd1f682ca6ed36e908ecf3b00f01bc,Indiana Pacers @ Brooklyn Nets,07:40 PM ET,Egor Demin,player_threes,over,2.5,A,draftkings,113,-143,0.6068152671755725,0.292517,,,,,,,
91c08396c3bb5439,daily-20260211T230026Z,8cdd1f682ca6ed36e908ecf3b00f01bc,Indiana Pacers @ Brooklyn Nets,07:40 PM ET,Ben Sheppard,player_points,over,10.5,A,draftkings,-112,-196,0.6814542374299339,0.289896,,,,,,,
9b6d83a04e2b97fd,daily-20260211T230026Z,8cdd1f682ca6ed36e908ecf3b00f01bc,Indiana Pacers @ Brooklyn Nets,07:40 PM ET,Kam Jones,player_points_rebounds_assists,over,21.5,B,draftkings,-121,-205,0.7061511604358216,0.289747,,,,,,,
8f00ea5d7dc82c5b,daily-20260211T230026Z,8cdd1f682ca6ed36e908ecf3b00f01bc,Indiana Pacers @ Brooklyn Nets,07:40 PM ET,Ziaire Williams,player_points,over,9.5,B,fanduel,-128,-222,0.7239256198347107,0.289493,,,,,,,
68bdb90b6ca43400,daily-20260211T230026Z,fa53065fb88985857fe9cfe5372477dc,New York Knicks @ Philadelphia 76ers,07:30 PM ET,Tyrese Maxey,player_points_rebounds_assists,over,41.5,B,draftkings,-122,-207,0.708183822337494,0.288662,,,,,,,
2591f9c68146b286,daily-20260211T230026Z,8cdd1f682ca6ed36e908ecf3b00f01bc,Indiana Pacers @ Brooklyn Nets,07:40 PM ET,Nolan Traore,player_points,over,11.5,B,fanduel,-130,-226,0.7280897279740154,0.288159,,,,,,,
6691bc379f9227cd,daily-20260211T230026Z,8cdd1f682ca6ed36e908ecf3b00f01bc,Indiana Pacers @ Brooklyn Nets,07:40 PM ET,Kam Jones,player_points,over,12.5,B,draftkings,-112,-184,0.6804225527671597,0.287943,,,,,,,
331e4e4e3f220f75,daily-20260211T230026Z,8cdd1f682ca6ed36e908ecf3b00f01bc,Indiana Pacers @ Brooklyn Nets,07:40 PM ET,Egor Demin,player_assists,over,3.5,A,draftkings,107,-152,0.621621023342093,0.286756,,,,,,,
5ca1cffdca83e612,daily-20260211T230026Z,fa53065fb88985857fe9cfe5372477dc,New York Knicks @ Philadelphia 76ers,07:30 PM ET,Mikal Bridges,player_points_rebounds_assists,over,22.5,B,draftkings,-107,-172,0.6644800575807955,0.285489,,,,,,,
34f31bb63767e4de,daily-20260211T230026Z,8cdd1f682ca6ed36e908ecf3b00f01bc,Indiana Pacers @ Brooklyn Nets,07:40 PM ET,Day'Ron Sharpe,player_points_rebounds_assists,over,28.5,B,draftkings,-128,-218,0.7202688606776096,0.282979,,,,,,,
bcd29936444ef2a1,daily-20260211T230026Z,7c66ba90233d458cdf37f776c8a9f406,Atlanta Hawks @ Charlotte Hornets,07:10 PM ET,C.J. McCollum,player_points_rebounds_assists,over,22.5,A,draftkings,-122,-217,0.7046470140416173,0.282227,,,,,,,
76c430d0f1271d47,daily-20260211T230026Z,8cdd1f682ca6ed36e908ecf3b00f01bc,Indiana Pacers @ Brooklyn Nets,07:40 PM ET,Drake Powell,player_rebounds,over,2.5,A,fanduel,110,-145,0.6103866781017724,0.281812,,,,,,,
666bf8a2e55e33f8,daily-20260211T230026Z,8cdd1f682ca6ed36e908ecf3b00f01bc,Indiana Pacers @ Brooklyn Nets,07:40 PM ET,Nolan Traore,player_rebounds,over,2.5,A,draftkings,112,-142,0.604339363582793,0.281199,,,,,,,
9a25d18aaffb3552,daily-20260211T230026Z,7c66ba90233d458cdf37f776c8a9f406,Atlanta Hawks @ Charlotte Hornets,07:10 PM ET,Zaccharie Risacher,player_points,over,8.5,A,fanduel,-106,-177,0.6588184165232359,0.280345,,,,,,,
d873c582d47163cc,daily-20260211T230026Z,1e29ea38e9c7789166418c9a3544bff9,Washington Wizards @ Cleveland Cavaliers,07:10 PM ET,Jaylon Tyson,player_points,over,13.5,A,fanduel,102,-160,0.6331589092201101,0.278981,,,,,,,
63bcf0e374ce9eaa,daily-20260211T230026Z,7c66ba90233d458cdf37f776c8a9f406,Atlanta Hawks @ Charlotte Hornets,07:10 PM ET,Dyson Daniels,player_points_rebounds_assists,over,22.5,B,draftkings,-117,-191,0.6885908202329559,0.27713,,,,,,,
58db241d72d0246c,daily-20260211T230026Z,7c66ba90233d458cdf37f776c8a9f406,Atlanta Hawks @ Charlotte Hornets,07:10 PM ET,Corey Kispert,player_points,over,9.5,A,fanduel,-111,-188,0.6717696834946378,0.276968,,,,,,,
b2c8384c895f076b,daily-20260211T230026Z,c09c552bcc0d68d3e96c860980ae1563,Detroit Pistons @ Toronto Raptors,07:30 PM ET,Paul Reed Jr,player_points_rebounds_assists,over,24.5,B,fanduel,-102,-159,0.6446410788381743,0.276642,,,,,,,
627aaaa2f5d71e47,daily-20260211T230026Z,7c66ba90233d458cdf37f776c8a9f406,Atlanta Hawks @ Charlotte Hornets,07:10 PM ET,C.J. McCollum,player_assists,over,3.5,A,draftkings,126,-121,0.5647754182754183,0.276392,,,,,,,
2fa3a1b3844135a8,daily-20260211T230026Z,fa53065fb88985857fe9cfe5372477dc,New York Knicks @ Philadelphia 76ers,07:30 PM ET,Mikal Bridges,player_points_rebounds_assists,over,21.5,B,fanduel,-120,-196,0.6952711906744379,0.274664,,,,,,,
1d6453985c5e5cb0,daily-20260211T230026Z,7c66ba90233d458cdf37f776c8a9f406,Atlanta Hawks @ Charlotte Hornets,07:10 PM ET,Grant Williams,player_points_rebounds_assists,over,18.5,A,fanduel,-104,-171,0.6498138864475304,0.274635,,,,,,,
fcdef798370e001a,daily-20260211T230026Z,8cdd1f682ca6ed36e908ecf3b00f01bc,Indiana Pacers @ Brooklyn Nets,07:40 PM ET,Danny Wolf,player_threes,over,1.5,A,fanduel,108,-147,0.6127175257731958,0.274452,,,,,,,
1604cd0bbab7c14f,daily-20260211T230026Z,fa53065fb88985857fe9cfe5372477dc,New York Knicks @ Philadelphia 76ers,07:30 PM ET,Dominick Barlow,player_rebounds,over,5.5,B,fanduel,130,-112,0.5540205619018215,0.274247,,,,,,,
8b5a995e17e00877,daily-20260211T230026Z,fa53065fb88985857fe9cfe5372477dc,New York Knicks @ Philadelphia 76ers,07:30 PM ET,Kelly Oubre Jr,player_rebounds,over,5.5,B,fanduel,130,-112,0.5540205619018215,0.274247,,,,,,,
97218b5599666a00,daily-20260211T230026Z,fa53065fb88985857fe9cfe5372477dc,New York Knicks @ Philadelphia 76ers,07:30 PM ET,VJ Edgecombe,player_rebounds,over,5.5,B,fanduel,130,-112,0.5540205619018215,0.274247,,,,,,,
092902a8a9ed6015,daily-20260211T230026Z,fa53065fb88985857fe9cfe5372477dc,New York Knicks @ Philadelphia 76ers,07:30 PM ET,Kelly Oubre Jr,player_points,over,16.5,B,draftkings,-117,-189,0.6869149711054754,0.274022,,,,,,,
7d69cb0e09ff92bf,daily-20260211T230026Z,1e29ea38e9c7789166418c9a3544bff9,Washington Wizards @ Cleveland Cavaliers,07:10 PM ET,Kyshawn George,player_points_rebounds_assists,over,23.5,A,draftkings,-106,-175,0.6553184165232359,0.273543,,,,,,,
3168d838628817c3,daily-20260211T230026Z,7c66ba90233d458cdf37f776c8a9f406,Atlanta Hawks @ Charlotte Hornets,07:10 PM ET,C.J. McCollum,player_points,over,16.5,A,draftkings,-108,-179,0.6610753075943998,0.273182,,,,,,,
7ee982de6dc0e3b6,daily-20260211T230026Z,1e29ea38e9c7789166418c9a3544bff9,Washington Wizards @ Cleveland Cavaliers,07:10 PM ET,Donovan Mitchell,player_threes,over,3.5,A,fanduel,130,-116,0.5532700597717805,0.272521,,,,,,,
db2dbbe60b7c3027,daily-20260211T230026Z,fa53065fb88985857fe9cfe5372477dc,New York Knicks @ Philadelphia 76ers,07:30 PM ET,Jalen Brunson,player_rebounds,over,3.5,B,fanduel,136,-105,0.5389103295162421,0.271828,,,,,,,
dc99cbc52a5862fe,daily-20260211T230026Z,8cdd1f682ca6ed36e908ecf3b00f01bc,Indiana Pacers @ Brooklyn Nets,07:40 PM ET,Danny Wolf,player_rebounds,over,7.5,B,draftkings,111,-135,0.6026952351730859,0.271687,,,,,,,
9f8737d97b824eee,daily-20260211T230026Z,fa53065fb88985857fe9cfe5372477dc,New York Knicks @ Philadelphia 76ers,07:30 PM ET,Josh Hart,player_points,over,13.5,B,draftkings,-103,-159,0.6450356355194429,0.271284,,,,,,,
d1f8e4dede11a357,daily-20260211T230026Z,1e29ea38e9c7789166418c9a3544bff9,Washington Wizards @ Cleveland Cavaliers,07:10 PM ET,Donovan Mitchell,player_points_rebounds_assists,over,37.5,A,fanduel,-108,-178,0.6600711395819285,0.271248,,,,,,,
388543345de379cc,daily-20260211T230026Z,1e29ea38e9c7789166418c9a3544bff9,Washington Wizards @ Cleveland Cavaliers,07:10 PM ET,Jaylon Tyson,player_points_rebounds_assists,over,21.5,A,fanduel,-111,-185,0.6685000000000001,0.270752,,,,,,,
760b7c9aa056ca1e,daily-20260211T230026Z,7c66ba90233d458cdf37f776c8a9f406,Atlanta Hawks @ Charlotte Hornets,07:10 PM ET,Jalen Johnson,player_points_rebounds_assists,over,40.5,B,draftkings,-121,-196,0.6956511604358216,0.270569,,,,,,,
a64d5e3d3dd687ec,daily-20260211T230026Z,fa53065fb88985857fe9cfe5372477dc,New York Knicks @ Philadelphia 76ers,07:30 PM ET,Mikal Bridges,player_points,over,14.5,A,fanduel,-113,-189,0.6732960374171755,0.269133,,,,,,,
d48766fbd5f6d2cf,daily-20260211T230026Z,7c66ba90233d458cdf37f776c8a9f406,Atlanta Hawks @ Charlotte Hornets,07:10 PM ET,Nickeil Alexander-Walker,player_points,over,18.5,B,draftkings,-106,-164,0.6529887491727333,0.269016,,,,,,,
9abab5433cd90998,daily-20260211T230026Z,fa53065fb88985857fe9cfe5372477dc,New York Knicks @ Philadelphia 76ers,07:30 PM ET,Karl-Anthony Towns,player_assists,over,2.5,A,fanduel,112,-138,0.5980623271710425,0.267892,,,,,,,
733fdaeba1d7cb84,daily-20260211T230026Z,8cdd1f682ca6ed36e908ecf3b00f01bc,Indiana Pacers @ Brooklyn Nets,07:40 PM ET,Jay Huff,player_rebounds,over,5.5,A,fanduel,112,-138,0.5979623271710425,0.26768,,,,,,,
c0f6c0842b9d1579,daily-20260211T230026Z,fa53065fb88985857fe9cfe5372477dc,New York Knicks @ Philadelphia 76ers,07:30 PM ET,Jalen Brunson,player_points,over,26.5,A,draftkings,-111,-184,0.6668,0.267521,,,,,,,
a87e6593b9beb19b,daily-20260211T230026Z,c09c552bcc0d68d3e96c860980ae1563,Detroit Pistons @ Toronto Raptors,07:30 PM ET,Caris LeVert,player_points_rebounds_assists,over,12.5,B,draftkings,-104,-160,0.6461459112339457,0.26744,,,,,,,
7eb9fbb0ffccf8e0,daily-20260211T230026Z,1e29ea38e9c7789166418c9a3544bff9,Washington Wizards @ Cleveland Cavaliers,07:10 PM ET,Donovan Mitchell,player_points,over,27.5,A,fanduel,100,-160,0.6336762114537445,0.267352,,,,,,,
773d56cd01579a0a,daily-20260211T230026Z,8cdd1f682ca6ed36e908ecf3b00f01bc,Indiana Pacers @ Brooklyn Nets,07:40 PM ET,Jarace Walker,player_points,over,17.5,B,fanduel,-128,-210,0.7114256198347109,0.267227,,,,,,,
77387dad6f96ed59,daily-20260211T230026Z,fa53065fb88985857fe9cfe5372477dc,New York Knicks @ Philadelphia 76ers,07:30 PM ET,Josh Hart,player_assists,over,5.5,A,fanduel,116,-132,0.5866263886863974,0.267113,,,,,,,
6b4f5ba389ef4bfc,daily-20260211T230026Z,fa53065fb88985857fe9cfe5372477dc,New York Knicks @ Philadelphia 76ers,07:30 PM ET,Landry Shamet,player_points,over,11.5,A,draftkings,-109,-179,0.6604802190857384,0.266425,,,,,,,
364dba0419fce16b,daily-20260211T230026Z,7c66ba90233d458cdf37f776c8a9f406,Atlanta Hawks @ Charlotte Hornets,07:10 PM ET,Dyson Daniels,player_points,over,10.5,B,draftkings,-109,-169,0.6601850288945246,0.265859,,,,,,,
19a18425d4d7dfa8,daily-20260211T230026Z,7c66ba90233d458cdf37f776c8a9f406,Atlanta Hawks @ Charlotte Hornets,07:10 PM ET,Jalen Johnson,player_points,over,22.5,A,draftkings,-120,-203,0.6902391304347826,0.265438,,,,,,,
2e18f7e69a40ae92,daily-20260211T230026Z,7c66ba90233d458cdf37f776c8a9f406,Atlanta Hawks @ Charlotte Hornets,07:10 PM ET,Onyeka Okongwu,player_rebounds,over,7.5,A,fanduel,124,-121,0.5648711567137683,0.265311,,,,,,,
09db39868ebcaf29,daily-20260211T230026Z,1e29ea38e9c7789166418c9a3544bff9,Washington Wizards @ Cleveland Cavaliers,07:10 PM ET,Bilal Coulibaly,player_points,over,10.5,A,fanduel,-102,-163,0.6389000542397398,0.265273,,,,,,,
936924154aac6985,daily-20260211T230026Z,1e29ea38e9c7789166418c9a3544bff9,Washington Wizards @ Cleveland Cavaliers,07:10 PM ET,Dennis Schroder,player_points_rebounds_assists,over,14.5,A,draftkings,-113,-187,0.6706058838394475,0.264062,,,,,,,
11793d57e0c43bb9,daily-20260211T230026Z,fa53065fb88985857fe9cfe5372477dc,New York Knicks @ Philadelphia 76ers,07:30 PM ET,Landry Shamet,player_points_rebounds_assists,over,15.5,B,fanduel,-128,-208,0.7096256198347107,0.264021,,,,,,,
9df5fb6d5e6aa5e8,daily-20260211T230026Z,1e29ea38e9c7789166418c9a3544bff9,Washington Wizards @ Cleveland Cavaliers,07:10 PM ET,James Harden,player_points_rebounds_assists,over,35.5,B,draftkings,-107,-164,0.6522800575807955,0.261888,,,,,,,
620c1f2a82f98da2,daily-20260211T230026Z,fa53065fb88985857fe9cfe5372477dc,New York Knicks @ Philadelphia 76ers,07:30 PM ET,Mikal Bridges,player_assists,over,3.5,A,fanduel,100,-158,0.6307936218678816,0.261587,,,,,,,
683a34393ac4f6a2,daily-20260211T230026Z,7c66ba90233d458cdf37f776c8a9f406,Atlanta Hawks @ Charlotte Hornets,07:10 PM ET,Onyeka Okongwu,player_points,over,14.5,B,draftkings,-112,-174,0.6664225527671597,0.261443,,,,,,,
83340d92e2784de8,daily-20260211T230026Z,1e29ea38e9c7789166418c9a3544bff9,Washington Wizards @ Cleveland Cavaliers,07:10 PM ET,Tre Johnson,player_points,over,14.5,A,fanduel,-102,-162,0.6368238630283574,0.261161,,,,,,,
b893e964fb9ebea4,daily-20260211T230026Z,c09c552bcc0d68d3e96c860980ae1563,Detroit Pistons @ Toronto Raptors,07:30 PM ET,Duncan Robinson,player_points,over,11.5,A,fanduel,-102,-162,0.6361715542521995,0.259869,,,,,,,
fdc85ce88a1d09dd,daily-20260211T230026Z,7c66ba90233d458cdf37f776c8a9f406,Atlanta Hawks @ Charlotte Hornets,07:10 PM ET,Brandon Miller,player_points_rebounds_assists,over,33.5,B,fanduel,-104,-157,0.642040620310155,0.259387,,,,,,,
95f9db8acc936509,daily-20260211T230026Z,c09c552bcc0d68d3e96c860980ae1563,Detroit Pistons @ Toronto Raptors,07:30 PM ET,Ausar Thompson,player_points,over,10.5,A,draftkings,-101,-159,0.6321329243353784,0.258007,,,,,,,
57885639e9678ed5,daily-20260211T230026Z,7c66ba90233d458cdf37f776c8a9f406,Atlanta Hawks @ Charlotte Hornets,07:10 PM ET,Nickeil Alexander-Walker,player_rebounds,over,3.5,A,draftkings,125,-119,0.5590319148936171,0.257822,,,,,,,
f05bc7e4cc368065,daily-20260211T230026Z,1e29ea38e9c7789166418c9a3544bff9,Washington Wizards @ Cleveland Cavaliers,07:10 PM ET,Bilal Coulibaly,player_points_rebounds_assists,over,17.5,A,fanduel,-113,-184,0.6671058838394475,0.257465,,,,,,,
a071b8b07d2cc2a4,daily-20260211T230026Z,1e29ea38e9c7789166418c9a3544bff9,Washington Wizards @ Cleveland Cavaliers,07:10 PM ET,Dennis Schroder,player_points,over,9.5,B,fanduel,104,-142,0.6163151931056496,0.257283,,,,,,,
8aa89ac3222c0343,daily-20260211T230026Z,7c66ba90233d458cdf37f776c8a9f406,Atlanta Hawks @ Charlotte Hornets,07:10 PM ET,Corey Kispert,player_threes,over,1.5,A,fanduel,-106,-169,0.6469365501519757,0.257254,,,,,,,
2b84b9e390c3ec14,daily-20260211T230026Z,fa53065fb88985857fe9cfe5372477dc,New York Knicks @ Philadelphia 76ers,07:30 PM ET,Tyrese Maxey,player_assists,over,7.5,A,fanduel,-102,-161,0.6346529859583826,0.256862,,,,,,,
6789d0352347a818,daily-20260211T230026Z,c09c552bcc0d68d3e96c860980ae1563,Detroit Pistons @ Toronto Raptors,07:30 PM ET,Cade Cunningham,player_points,over,25.5,A,fanduel,-111,-179,0.661180026720107,0.256838,,,,,,,
b754818620f82ee0,daily-20260211T230026Z,c09c552bcc0d68d3e96c860980ae1563,Detroit Pistons @ Toronto Raptors,07:30 PM ET,Tobias Harris,player_threes,over,1.5,A,fanduel,120,-124,0.5709566517189835,0.256105,,,,,,,
974c5523dad560d2,daily-20260211T230026Z,7c66ba90233d458cdf37f776c8a9f406,Atlanta Hawks @ Charlotte Hornets,07:10 PM ET,LaMelo Ball,player_points_rebounds_assists,over,36.5,B,fanduel,-106,-160,0.646228809325562,0.255879,,,,,,,
8f11184764b7c2ac,daily-20260211T230026Z,c09c552bcc0d68d3e96c860980ae1563,Detroit Pistons @ Toronto Raptors,07:30 PM ET,Tobias Harris,player_assists,over,2.5,A,fanduel,132,-111,0.5408816977724262,0.254846,,,,,,,
c7f26246fc92558e,daily-20260211T230026Z,8cdd1f682ca6ed36e908ecf3b00f01bc,Indiana Pacers @ Brooklyn Nets,07:40 PM ET,Egor Demin,player_rebounds,over,3.5,A,draftkings,-115,-187,0.6707034919249235,0.253924,,,,,,,
b98c277af8935b72,daily-20260211T230026Z,c09c552bcc0d68d3e96c860980ae1563,Detroit Pistons @ Toronto Raptors,07:30 PM ET,Paul Reed Jr,player_points_rebounds_assists,over,23.5,B,draftkings,-114,-174,0.6674820846905538,0.252993,,,,,,,
7da2896638aec019,daily-20260211T230026Z,c09c552bcc0d68d3e96c860980ae1563,Detroit Pistons @ Toronto Raptors,07:30 PM ET,Daniss Jenkins,player_points,over,8.5,A,fanduel,-104,-163,0.6385601887273655,0.25256,,,,,,,
f756c093f37050dd,daily-20260211T230026Z,c09c552bcc0d68d3e96c860980ae1563,Detroit Pistons @ Toronto Raptors,07:30 PM ET,Tobias Harris,player_points_rebounds_assists,over,22.5,A,fanduel,-120,-197,0.683071190674438,0.252297,,,,,,,
419cd083c30b7fc8,daily-20260211T230026Z,1e29ea38e9c7789166418c9a3544bff9,Washington Wizards @ Cleveland Cavaliers,07:10 PM ET,James Harden,player_points_rebounds_assists,over,34.5,B,fanduel,-120,-186,0.683071190674438,0.252297,,,,,,,
f31b93caa69e8a8a,daily-20260211T230026Z,8cdd1f682ca6ed36e908ecf3b00f01bc,Indiana Pacers @ Brooklyn Nets,07:40 PM ET,Day'Ron Sharpe,player_rebounds,over,11.5,A,draftkings,-110,-175,0.6555193384223919,0.251446,,,,,,,
1990e48e5422c520,daily-20260211T230026Z,c09c552bcc0d68d3e96c860980ae1563,Detroit Pistons @ Toronto Raptors,07:30 PM ET,Ausar Thompson,player_points_rebounds_assists,over,18.5,A,draftkings,-125,-207,0.6948157894736843,0.250668,,,,,,,
3b5d8cfa1fd27d07,daily-20260211T230026Z,c09c552bcc0d68d3e96c860980ae1563,Detroit Pistons @ Toronto Raptors,07:30 PM ET,Cade Cunningham,player_points_rebounds_assists,over,39.5,B,fanduel,-122,-189,0.687259379689845,0.250587,,,,,,,
ef35f1ef75a63295,daily-20260211T230026Z,c09c552bcc0d68d3e96c860980ae1563,Detroit Pistons @ Toronto Raptors,07:30 PM ET,Paul Reed Jr,player_assists,over,2.5,B,draftkings,132,-105,0.5383179148311307,0.248898,,,,,,,
20e4b61d8b49361d,daily-20260211T230026Z,1e29ea38e9c7789166418c9a3544bff9,Washington Wizards @ Cleveland Cavaliers,07:10 PM ET,Sam Merrill,player_points,over,10.5,A,fanduel,-113,-180,0.662285416209093,0.248379,,,,,,,
e7e9d2c3a23416bf,daily-20260211T230026Z,fa53065fb88985857fe9cfe5372477dc,New York Knicks @ Philadelphia 76ers,07:30 PM ET,Karl-Anthony Towns,player_points,over,18.5,A,draftkings,-125,-206,0.6931157894736841,0.247608,,,,,,,
b7e20a8e1d69a383,daily-20260211T230026Z,c09c552bcc0d68d3e96c860980ae1563,Detroit Pistons @ Toronto Raptors,07:30 PM ET,Caris LeVert,player_points,over,7.5,A,fanduel,-106,-165,0.6418460435296104,0.247361,,,,,,,
33782efd8a4ae01d,daily-20260211T230026Z,7c66ba90233d458cdf37f776c8a9f406,Atlanta Hawks @ Charlotte Hornets,07:10 PM ET,Josh Green,player_points,over,5.5,A,fanduel,100,-153,0.6226797441364604,0.245359,,,,,,,
053610c6fd42b2e3,daily-20260211T230026Z,1e29ea38e9c7789166418c9a3544bff9,Washington Wizards @ Cleveland Cavaliers,07:10 PM ET,Kyshawn George,player_points,over,14.5,A,draftkings,-106,-164,0.6405184165232358,0.244781,,,,,,,
840b21bb86a84f2f,daily-20260211T230026Z,fa53065fb88985857fe9cfe5372477dc,New York Knicks @ Philadelphia 76ers,07:30 PM ET,Jalen Brunson,player_assists,over,6.5,B,draftkings,112,-127,0.5870696667616063,0.244588,,,,,,,
c8ffe053081176e6,daily-20260211T230026Z,c09c552bcc0d68d3e96c860980ae1563,Detroit Pistons @ Toronto Raptors,07:30 PM ET,Cade Cunningham,player_points_rebounds_assists,over,40.5,B,draftkings,-120,-183,0.6786214574898787,0.244139,,,,,,,
29deb3757c513179,daily-20260211T230026Z,fa53065fb88985857fe9cfe5372477dc,New York Knicks @ Philadelphia 76ers,07:30 PM ET,Josh Hart,player_points,over,12.5,B,fanduel,-125,-192,0.6906589211618257,0.243186,,,,,,,
68383af2925555e9,daily-20260211T230026Z,1e29ea38e9c7789166418c9a3544bff9,Washington Wizards @ Cleveland Cavaliers,07:10 PM ET,Will Riley,player_points,over,13.5,B,fanduel,100,-145,0.6212743801652894,0.242549,,,,,,,
d6322c1d82e76aea,daily-20260211T230026Z,7c66ba90233d458cdf37f776c8a9f406,Atlanta Hawks @ Charlotte Hornets,07:10 PM ET,Nickeil Alexander-Walker,player_points,over,17.5,B,fanduel,-128,-198,0.6974256198347109,0.242289,,,,,,,
cf927a62da15cf56,daily-20260211T230026Z,7c66ba90233d458cdf37f776c8a9f406,Atlanta Hawks @ Charlotte Hornets,07:10 PM ET,Onyeka Okongwu,player_points,over,13.5,B,fanduel,-128,-198,0.6974256198347109,0.242289,,,,,,,
f36991b79a2b200e,daily-20260211T230026Z,c09c552bcc0d68d3e96c860980ae1563,Detroit Pistons @ Toronto Raptors,07:30 PM ET,Duncan Robinson,player_points_rebounds_assists,over,15.5,B,draftkings,-122,-186,0.682683822337494,0.242261,,,,,,,
28663ddf220b7439,daily-20260211T230026Z,7c66ba90233d458cdf37f776c8a9f406,Atlanta Hawks @ Charlotte Hornets,07:10 PM ET,C.J. McCollum,player_threes,over,2.5,A,fanduel,110,-135,0.5911789414202298,0.241476,,,,,,,
8df733a30e39300d,daily-20260211T230026Z,fa53065fb88985857fe9cfe5372477dc,New York Knicks @ Philadelphia 76ers,07:30 PM ET,Josh Hart,player_threes,over,1.5,A,draftkings,114,-129,0.5800611565289132,0.241331,,,,,,,
8b6843f7c78770d9,daily-20260211T230026Z,1e29ea38e9c7789166418c9a3544bff9,Washington Wizards @ Cleveland Cavaliers,07:10 PM ET,James Harden,player_points,over,21.5,A,draftkings,-119,-190,0.6742877461706784,0.240916,,,,,,,
797c62eabb945924,daily-20260211T230026Z,1e29ea38e9c7789166418c9a3544bff9,Washington Wizards @ Cleveland Cavaliers,07:10 PM ET,Tre Johnson,player_points_rebounds_assists,over,19.5,B,draftkings,-119,-179,0.6741687041564792,0.240697,,,,,,,
8806a427c5100c22,daily-20260211T230026Z,7c66ba90233d458cdf37f776c8a9f406,Atlanta Hawks @ Charlotte Hornets,07:10 PM ET,Tidjane Salaun,player_points,over,6.5,B,draftkings,101,-143,0.6170318496538081,0.240234,,,,,,,
690232cef7c9da9d,daily-20260211T230026Z,8cdd1f682ca6ed36e908ecf3b00f01bc,Indiana Pacers @ Brooklyn Nets,07:40 PM ET,Ziaire Williams,player_threes,over,1.5,B,fanduel,100,-144,0.6198743801652893,0.239749,,,,,,,
3fae980da03414d0,daily-20260211T230026Z,1e29ea38e9c7789166418c9a3544bff9,Washington Wizards @ Cleveland Cavaliers,07:10 PM ET,Will Riley,player_assists,over,2.5,B,draftkings,142,105,0.5122386346505868,0.239617,,,,,,,
72a84100cfc0ff61,daily-20260211T230026Z,1e29ea38e9c7789166418c9a3544bff9,Washington Wizards @ Cleveland Cavaliers,07:10 PM ET,Will Riley,player_points_rebounds_assists,over,18.5,B,draftkings,-121,-182,0.6782555673382821,0.238797,,,,,,,
3ac224c42ab07758,daily-20260211T230026Z,8cdd1f682ca6ed36e908ecf3b00f01bc,Indiana Pacers @ Brooklyn Nets,07:40 PM ET,Ben Sheppard,player_rebounds,over,4.5,B,draftkings,108,-131,0.5951336318555253,0.237878,,,,,,,
1faca21fb2b003f4,daily-20260211T230026Z,7c66ba90233d458cdf37f776c8a9f406,Atlanta Hawks @ Charlotte Hornets,07:10 PM ET,Kon Knueppel,player_points_rebounds_assists,over,30.5,A,fanduel,-122,-194,0.6795593796898449,0.236575,,,,,,,
2fb86ff033977658,daily-20260211T230026Z,1e29ea38e9c7789166418c9a3544bff9,Washington Wizards @ Cleveland Cavaliers,07:10 PM ET,Jarrett Allen,player_points,over,16.5,B,draftkings,-110,-161,0.6472655860349128,0.235689,,,,,,,
25c479c65b43193a,daily-20260211T230026Z,7c66ba90233d458cdf37f776c8a9f406,Atlanta Hawks @ Charlotte Hornets,07:10 PM ET,Ryan Kalkbrenner,player_points_rebounds_assists,over,17.5,B,draftkings,-115,-170,0.6608,0.235409,,,,,,,
6c169f39db8d3160,daily-20260211T230026Z,7c66ba90233d458cdf37f776c8a9f406,Atlanta Hawks @ Charlotte Hornets,07:10 PM ET,Grant Williams,player_assists,over,2.5,B,draftkings,139,103,0.5167952691499944,0.235141,,,,,,,
d691c45ad97380a8,daily-20260211T230026Z,1e29ea38e9c7789166418c9a3544bff9,Washington Wizards @ Cleveland Cavaliers,07:10 PM ET,Bilal Coulibaly,player_threes,over,1.5,B,draftkings,156,118,0.48182120154853514,0.233462,,,,,,,
b9067aea5dfa750b,daily-20260211T230026Z,7c66ba90233d458cdf37f776c8a9f406,Atlanta Hawks @ Charlotte Hornets,07:10 PM ET,Brandon Miller,player_points_rebounds_assists,over,32.5,B,draftkings,-119,-176,0.6699687041564792,0.232968,,,,,,,
f7f3707706c409d7,daily-20260211T230026Z,fa53065fb88985857fe9cfe5372477dc,New York Knicks @ Philadelphia 76ers,07:30 PM ET,Tyrese Maxey,player_threes,over,3.5,A,draftkings,-110,-168,0.6458193384223918,0.232928,,,,,,,
62b030348c609855,daily-20260211T230026Z,7c66ba90233d458cdf37f776c8a9f406,Atlanta Hawks @ Charlotte Hornets,07:10 PM ET,Grant Williams,player_points,over,10.5,A,draftkings,-105,-158,0.6314767295597483,0.232883,,,,,,,
31587eeca7103382,daily-20260211T230026Z,7c66ba90233d458cdf37f776c8a9f406,Atlanta Hawks @ Charlotte Hornets,07:10 PM ET,Ryan Kalkbrenner,player_points,over,9.5,B,fanduel,-104,-149,0.6284406203101549,0.23271,,,,,,,
d6f1ac1a12bac80f,daily-20260211T230026Z,8cdd1f682ca6ed36e908ecf3b00f01bc,Indiana Pacers @ Brooklyn Nets,07:40 PM ET,Kam Jones,player_assists,over,4.5,A,draftkings,-143,-238,0.724927577347179,0.23187,,,,,,,
7109f3e52f2d593e,daily-20260211T230026Z,7c66ba90233d458cdf37f776c8a9f406,Atlanta Hawks @ Charlotte Hornets,07:10 PM ET,Sion James,player_rebounds,over,3.5,A,draftkings,113,-128,0.5778152671755725,0.230747,,,,,,,
94a383c350294a05,daily-20260211T230026Z,7c66ba90233d458cdf37f776c8a9f406,Atlanta Hawks @ Charlotte Hornets,07:10 PM ET,Kon Knueppel,player_points,over,20.5,A,draftkings,-107,-161,0.6356821578153795,0.229778,,,,,,,
8a9f36eab5f4011c,daily-20260211T230026Z,1e29ea38e9c7789166418c9a3544bff9,Washington Wizards @ Cleveland Cavaliers,07:10 PM ET,Dennis Schroder,player_points,over,8.5,B,draftkings,-115,-168,0.6576554124246832,0.22953,,,,,,,
f4c487c799a010c4,daily-20260211T230026Z,7c66ba90233d458cdf37f776c8a9f406,Atlanta Hawks @ Charlotte Hornets,07:10 PM ET,LaMelo Ball,player_points,over,22.5,A,draftkings,-110,-167,0.6440193384223918,0.229491,,,,,,,
90963924b0f8364a,daily-20260211T230026Z,c09c552bcc0d68d3e96c860980ae1563,Detroit Pistons @ Toronto Raptors,07:30 PM ET,Paul Reed Jr,player_points,over,11.5,A,fanduel,-122,-191,0.6756470140416174,0.229456,,,,,,,
d89510e113a59a8f,daily-20260211T230026Z,c09c552bcc0d68d3e96c860980ae1563,Detroit Pistons @ Toronto Raptors,07:30 PM ET,R.J. Barrett,player_points,over,17.5,A,draftkings,-102,-152,0.6206284439486894,0.229088,,,,,,,
f9b1417009f8e392,daily-20260211T230026Z,fa53065fb88985857fe9cfe5372477dc,New York Knicks @ Philadelphia 76ers,07:30 PM ET,Karl-Anthony Towns,player_threes,over,1.5,A,fanduel,114,-126,0.5743128572451829,0.22903,,,,,,,
d18b74f7b9c42fe3,daily-20260211T230026Z,7c66ba90233d458cdf37f776c8a9f406,Atlanta Hawks @ Charlotte Hornets,07:10 PM ET,LaMelo Ball,player_rebounds,over,5.5,A,fanduel,112,-128,0.5789836734693877,0.227445,,,,,,,
a65b1e49aa4497ba,daily-20260211T230026Z,fa53065fb88985857fe9cfe5372477dc,New York Knicks @ Philadelphia 76ers,07:30 PM ET,Landry Shamet,player_rebounds,over,2.5,B,fanduel,104,-134,0.6015151931056495,0.227091,,,,,,,
46010ca32d552e31,daily-20260211T230026Z,7c66ba90233d458cdf37f776c8a9f406,Atlanta Hawks @ Charlotte Hornets,07:10 PM ET,Tidjane Salaun,player_rebounds,over,4.5,A,draftkings,123,-115,0.5501859477238532,0.226915,,,,,,,
bef27e3aa5aed7d4,daily-20260211T230026Z,7c66ba90233d458cdf37f776c8a9f406,Atlanta Hawks @ Charlotte Hornets,07:10 PM ET,LaMelo Ball,player_points_rebounds_assists,over,35.5,B,draftkings,-124,-183,0.6790600227235839,0.226689,,,,,,,
e566822f6bf89391,daily-20260211T230026Z,8cdd1f682ca6ed36e908ecf3b00f01bc,Indiana Pacers @ Brooklyn Nets,07:40 PM ET,Danny Wolf,player_assists,over,2.5,A,fanduel,-146,-240,0.7273785378366823,0.225583,,,,,,,
a5f8c986ce177f96,daily-20260211T230026Z,1e29ea38e9c7789166418c9a3544bff9,Washington Wizards @ Cleveland Cavaliers,07:10 PM ET,Jarrett Allen,player_points,over,15.5,B,fanduel,-120,-175,0.668071190674438,0.224797,,,,,,,
1e299d2c29dd28de,daily-20260211T230026Z,c09c552bcc0d68d3e96c860980ae1563,Detroit Pistons @ Toronto Raptors,07:30 PM ET,Ausar Thompson,player_assists,over,2.5,B,draftkings,113,-121,0.5741419301869802,0.222922,,,,,,,
1b13ee321b42e3d3,daily-20260211T230026Z,c09c552bcc0d68d3e96c860980ae1563,Detroit Pistons @ Toronto Raptors,07:30 PM ET,Brandon Ingram,player_points_rebounds_assists,over,29.5,A,draftkings,-113,-170,0.64853258897418,0.222455,,,,,,,
d80e34627f7190d1,daily-20260211T230026Z,7c66ba90233d458cdf37f776c8a9f406,Atlanta Hawks @ Charlotte Hornets,07:10 PM ET,Brandon Miller,player_points,over,23.5,B,fanduel,-111,-158,0.6430445875753168,0.222364,,,,,,,
0ab67bb07ac1d346,daily-20260211T230026Z,7c66ba90233d458cdf37f776c8a9f406,Atlanta Hawks @ Charlotte Hornets,07:10 PM ET,Jalen Johnson,player_assists,over,7.5,A,draftkings,-118,-179,0.6614751839808317,0.222047,,,,,,,
d28ff79eb9d8a9bc,daily-20260211T230026Z,8cdd1f682ca6ed36e908ecf3b00f01bc,Indiana Pacers @ Brooklyn Nets,07:40 PM ET,Jay Huff,player_threes,over,1.5,A,draftkings,-128,-199,0.685856722276742,0.221682,,,,,,,
cd468a22ccfb402f,daily-20260211T230026Z,1e29ea38e9c7789166418c9a3544bff9,Washington Wizards @ Cleveland Cavaliers,07:10 PM ET,Kyshawn George,player_rebounds,over,4.5,A,fanduel,110,-129,0.5811284853521711,0.22037,,,,,,,
61f0fbd00aca93c5,daily-20260211T230026Z,1e29ea38e9c7789166418c9a3544bff9,Washington Wizards @ Cleveland Cavaliers,07:10 PM ET,Justin Champagnie,player_points,over,9.5,A,draftkings,-121,-185,0.6680316690442227,0.220124,,,,,,,
2789ca1dc2695f4d,daily-20260211T230026Z,7c66ba90233d458cdf37f776c8a9f406,Atlanta Hawks @ Charlotte Hornets,07:10 PM ET,Kon Knueppel,player_assists,over,4.5,A,fanduel,114,-124,0.5699131789881817,0.219614,,,,,,,
bcd296c9d1d7f984,daily-20260211T230026Z,7c66ba90233d458cdf37f776c8a9f406,Atlanta Hawks @ Charlotte Hornets,07:10 PM ET,Brandon Miller,player_threes,over,3.5,A,fanduel,118,-119,0.5593717836540324,0.21943,,,,,,,
811ddf77eaba8523,daily-20260211T230026Z,7c66ba90233d458cdf37f776c8a9f406,Atlanta Hawks @ Charlotte Hornets,07:10 PM ET,Brandon Miller,player_rebounds,over,5.5,A,fanduel,100,-145,0.6092613583138173,0.218523,,,,,,,
45f272c0fe43b78e,daily-20260211T230026Z,1e29ea38e9c7789166418c9a3544bff9,Washington Wizards @ Cleveland Cavaliers,07:10 PM ET,Will Riley,player_points,over,12.5,B,draftkings,-121,-174,0.6668631951676736,0.21799,,,,,,,
8837d8ef982a2c45,daily-20260211T230026Z,c09c552bcc0d68d3e96c860980ae1563,Detroit Pistons @ Toronto Raptors,07:30 PM ET,Tobias Harris,player_points,over,14.5,A,draftkings,-128,-197,0.6834256198347108,0.217352,,,,,,,
1add2d0477a35214,daily-20260211T230026Z,c09c552bcc0d68d3e96c860980ae1563,Detroit Pistons @ Toronto Raptors,07:30 PM ET,Cade Cunningham,player_assists,over,8.5,A,fanduel,-113,-168,0.6456413164579528,0.217005,,,,,,,
9a48d96dd96b8829,daily-20260211T230026Z,1e29ea38e9c7789166418c9a3544bff9,Washington Wizards @ Cleveland Cavaliers,07:10 PM ET,Donovan Mitchell,player_rebounds,over,4.5,A,draftkings,122,-114,0.5479881077667859,0.216534,,,,,,,
b0e3d5a6f9d69c2b,daily-20260211T230026Z,c09c552bcc0d68d3e96c860980ae1563,Detroit Pistons @ Toronto Raptors,07:30 PM ET,Brandon Ingram,player_points,over,20.5,A,draftkings,-106,-155,0.6253424598157846,0.215288,,,,,,,
3581406952c50fbf,daily-20260211T230026Z,c09c552bcc0d68d3e96c860980ae1563,Detroit Pistons @ Toronto Raptors,07:30 PM ET,Cade Cunningham,player_rebounds,over,5.5,A,fanduel,102,-140,0.6011589092201101,0.214341,,,,,,,
218f33dc8edec6c1,daily-20260211T230026Z,fa53065fb88985857fe9cfe5372477dc,New York Knicks @ Philadelphia 76ers,07:30 PM ET,VJ Edgecombe,player_threes,over,1.5,A,draftkings,-165,-276,0.7559415603678434,0.214088,,,,,,,
5715da345cbc4e50,daily-20260211T230026Z,c09c552bcc0d68d3e96c860980ae1563,Detroit Pistons @ Toronto Raptors,07:30 PM ET,Scottie Barnes,player_points_rebounds_assists,over,31.5,A,draftkings,-119,-178,0.6592284457478006,0.213202,,,,,,,
6eee9321b0da6055,daily-20260211T230026Z,8cdd1f682ca6ed36e908ecf3b00f01bc,Indiana Pacers @ Brooklyn Nets,07:40 PM ET,Kam Jones,player_rebounds,over,3.5,A,draftkings,-127,-193,0.6784986833443055,0.21275,,,,,,,
f4dfda9d0ad0e5dd,daily-20260211T230026Z,c09c552bcc0d68d3e96c860980ae1563,Detroit Pistons @ Toronto Raptors,07:30 PM ET,Sandro Mamukelashvili,player_points_rebounds_assists,over,20.5,A,fanduel,-113,-166,0.6430058838394475,0.212038,,,,,,,
ff735ebc54eef8ee,daily-20260211T230026Z,fa53065fb88985857fe9cfe5372477dc,New York Knicks @ Philadelphia 76ers,07:30 PM ET,Mikal Bridges,player_rebounds,over,3.5,A,draftkings,-111,-162,0.6365941161605526,0.210102,,,,,,,
8601b7060da7a498,daily-20260211T230026Z,7c66ba90233d458cdf37f776c8a9f406,Atlanta Hawks @ Charlotte Hornets,07:10 PM ET,Brandon Miller,player_points,over,22.5,B,draftkings,-122,-173,0.664791059602649,0.209702,,,,,,,
c84548a80e3c5a2b,daily-20260211T230026Z,1e29ea38e9c7789166418c9a3544bff9,Washington Wizards @ Cleveland Cavaliers,07:10 PM ET,Kyshawn George,player_assists,over,4.5,A,draftkings,115,-120,0.5626077711056163,0.209607,,,,,,,
d5b6ae822ccf5e2a,daily-20260211T230026Z,1e29ea38e9c7789166418c9a3544bff9,Washington Wizards @ Cleveland Cavaliers,07:10 PM ET,Dennis Schroder,player_rebounds,over,2.5,B,draftkings,134,103,0.5167764499222485,0.209257,,,,,,,
4d539b409953a52a,daily-20260211T230026Z,7c66ba90233d458cdf37f776c8a9f406,Atlanta Hawks @ Charlotte Hornets,07:10 PM ET,Sion James,player_points,over,5.5,A,draftkings,-128,-193,0.6786041433738901,0.208764,,,,,,,
d17c687a6433788a,daily-20260211T230026Z,c09c552bcc0d68d3e96c860980ae1563,Detroit Pistons @ Toronto Raptors,07:30 PM ET,Ja'Kobe Walter,player_points,over,6.5,A,fanduel,-102,-145,0.6102358742837298,0.208506,,,,,,,
c52f24c8c1cf2d0c,daily-20260211T230026Z,c09c552bcc0d68d3e96c860980ae1563,Detroit Pistons @ Toronto Raptors,07:30 PM ET,R.J. Barrett,player_points_rebounds_assists,over,26.5,B,fanduel,-113,-157,0.6409,0.208068,,,,,,,
8e56bf3cb4c49271,daily-20260211T230026Z,7c66ba90233d458cdf37f776c8a9f406,Atlanta Hawks @ Charlotte Hornets,07:10 PM ET,Ryan Kalkbrenner,player_points,over,8.5,B,draftkings,-126,-179,0.673159461704602,0.207413,,,,,,,
71c7aabab2b44996,daily-20260211T230026Z,7c66ba90233d458cdf37f776c8a9f406,Atlanta Hawks @ Charlotte Hornets,07:10 PM ET,Brandon Miller,player_assists,over,3.5,A,draftkings,-132,-200,0.6869282848091718,0.207329,,,,,,,
70548c702411597c,daily-20260211T230026Z,c09c552bcc0d68d3e96c860980ae1563,Detroit Pistons @ Toronto Raptors,07:30 PM ET,Immanuel Quickley,player_points_rebounds_assists,over,24.5,A,draftkings,-120,-177,0.6577918918918919,0.205952,,,,,,,
00df917cfaba06da,daily-20260211T230026Z,7c66ba90233d458cdf37f776c8a9f406,Atlanta Hawks @ Charlotte Hornets,07:10 PM ET,Onyeka Okongwu,player_assists,over,2.5,A,draftkings,-134,-203,0.6901105476673428,0.205118,,,,,,,
ecb5827640e787b4,daily-20260211T230026Z,1e29ea38e9c7789166418c9a3544bff9,Washington Wizards @ Cleveland Cavaliers,07:10 PM ET,Dennis Schroder,player_assists,over,3.5,A,draftkings,106,-131,0.5847225666460013,0.204528,,,,,,,
b8f83f40ebb21383,daily-20260211T230026Z,8cdd1f682ca6ed36e908ecf3b00f01bc,Indiana Pacers @ Brooklyn Nets,07:40 PM ET,Danny Wolf,player_rebounds,over,6.5,B,fanduel,-154,-228,0.7302249662618083,0.204397,,,,,,,
be90a638739c8c1d,daily-20260211T230026Z,fa53065fb88985857fe9cfe5372477dc,New York Knicks @ Philadelphia 76ers,07:30 PM ET,Karl-Anthony Towns,player_rebounds,over,10.5,A,fanduel,-125,-185,0.6687261096605743,0.203707,,,,,,,
4ebeaf380c47da2b,daily-20260211T230026Z,7c66ba90233d458cdf37f776c8a9f406,Atlanta Hawks @ Charlotte Hornets,07:10 PM ET,Josh Green,player_rebounds,over,2.5,B,draftkings,123,-106,0.5395991987102747,0.203306,,,,,,,
2368f8f0a04a39b2,daily-20260211T230026Z,1e29ea38e9c7789166418c9a3544bff9,Washington Wizards @ Cleveland Cavaliers,07:10 PM ET,Jaylon Tyson,player_assists,over,2.5,B,draftkings,110,-120,0.5726682953311618,0.202603,,,,,,,
611ec2cbadd60c29,daily-20260211T230026Z,fa53065fb88985857fe9cfe5372477dc,New York Knicks @ Philadelphia 76ers,07:30 PM ET,Jalen Brunson,player_threes,over,2.5,A,fanduel,-132,-198,0.684013260953858,0.202205,,,,,,,
54e08bd6391a23a9,daily-20260211T230026Z,7c66ba90233d458cdf37f776c8a9f406,Atlanta Hawks @ Charlotte Hornets,07:10 PM ET,Jalen Johnson,player_threes,over,1.5,A,fanduel,-120,-175,0.6555711906744379,0.201881,,,,,,,
d462ca95e613fe39,daily-20260211T230026Z,fa53065fb88985857fe9cfe5372477dc,New York Knicks @ Philadelphia 76ers,07:30 PM ET,Josh Hart,player_rebounds,over,7.5,A,fanduel,-115,-166,0.642855412424683,0.20186,,,,,,,
115c4025b49f00eb,daily-20260211T230026Z,7c66ba90233d458cdf37f776c8a9f406,Atlanta Hawks @ Charlotte Hornets,07:10 PM ET,C.J. McCollum,player_rebounds,over,2.5,A,draftkings,-136,-205,0.6925433482810165,0.201766,,,,,,,
5517e6d58694a67f,daily-20260211T230026Z,c09c552bcc0d68d3e96c860980ae1563,Detroit Pistons @ Toronto Raptors,07:30 PM ET,Immanuel Quickley,player_points,over,15.5,A,draftkings,-107,-152,0.6211039625828245,0.201575,,,,,,,
ca664bd6506b03e0,daily-20260211T230026Z,c09c552bcc0d68d3e96c860980ae1563,Detroit Pistons @ Toronto Raptors,07:30 PM ET,Scottie Barnes,player_points,over,18.5,B,fanduel,102,-131,0.5945102720259846,0.200911,,,,,,,
067b077ed438bfbd,daily-20260211T230026Z,fa53065fb88985857fe9cfe5372477dc,New York Knicks @ Philadelphia 76ers,07:30 PM ET,Mitchell Robinson,player_points_rebounds_assists,over,14.5,B,draftkings,-125,-174,0.6671045685279189,0.200788,,,,,,,
42501e0e78ce5dc2,daily-20260211T230026Z,c09c552bcc0d68d3e96c860980ae1563,Detroit Pistons @ Toronto Raptors,07:30 PM ET,Ausar Thompson,player_rebounds,over,6.5,B,draftkings,116,-112,0.5551052649619524,0.199027,,,,,,,
3a941810647137e5,daily-20260211T230026Z,7c66ba90233d458cdf37f776c8a9f406,Atlanta Hawks @ Charlotte Hornets,07:10 PM ET,LaMelo Ball,player_assists,over,7.5,A,draftkings,-126,-185,0.6684238883060285,0.198919,,,,,,,
c0a83ccceae9f95d,daily-20260211T230026Z,c09c552bcc0d68d3e96c860980ae1563,Detroit Pistons @ Toronto Raptors,07:30 PM ET,Paul Reed Jr,player_rebounds,over,9.5,A,draftkings,104,-133,0.5876432777232581,0.198792,,,,,,,
1f896559c9bf6b34,daily-20260211T230026Z,c09c552bcc0d68d3e96c860980ae1563,Detroit Pistons @ Toronto Raptors,07:30 PM ET,Jamal Shead,player_assists,over,4.5,A,draftkings,106,-129,0.5810141684238862,0.196889,,,,,,,
b62c0a2581ef449e,daily-20260211T230026Z,c09c552bcc0d68d3e96c860980ae1563,Detroit Pistons @ Toronto Raptors,07:30 PM ET,Caris LeVert,player_assists,over,2.5,B,draftkings,-107,-143,0.6182800575807955,0.196112,,,,,,,
d9dfbbd41ce444a8,daily-20260211T230026Z,1e29ea38e9c7789166418c9a3544bff9,Washington Wizards @ Cleveland Cavaliers,07:10 PM ET,Will Riley,player_threes,over,1.5,A,fanduel,120,-112,0.5434750337381916,0.195645,,,,,,,
e3c84dedd54ba6f9,daily-20260211T230026Z,8cdd1f682ca6ed36e908ecf3b00f01bc,Indiana Pacers @ Brooklyn Nets,07:40 PM ET,Jarace Walker,player_rebounds,over,5.5,A,fanduel,-140,-210,0.6972370190511766,0.195263,,,,,,,
316caaa64e6597a5,daily-20260211T230026Z,fa53065fb88985857fe9cfe5372477dc,New York Knicks @ Philadelphia 76ers,07:30 PM ET,VJ Edgecombe,player_rebounds,over,4.5,B,draftkings,-124,-170,0.6616600227235839,0.195257,,,,,,,
df108beb3847bcd4,daily-20260211T230026Z,1e29ea38e9c7789166418c9a3544bff9,Washington Wizards @ Cleveland Cavaliers,07:10 PM ET,Justin Champagnie,player_rebounds,over,7.5,B,fanduel,114,-114,0.558312857245183,0.19479,,,,,,,
e1d978fc3e029b66,daily-20260211T230026Z,c09c552bcc0d68d3e96c860980ae1563,Detroit Pistons @ Toronto Raptors,07:30 PM ET,Sandro Mamukelashvili,player_points,over,12.5,B,draftkings,-103,-136,0.6058356355194429,0.194026,,,,,,,
bb5fd68073678c25,daily-20260211T230026Z,c09c552bcc0d68d3e96c860980ae1563,Detroit Pistons @ Toronto Raptors,07:30 PM ET,R.J. Barrett,player_points_rebounds_assists,over,25.5,B,draftkings,-120,-163,0.6510214574898786,0.193539,,,,,,,
76efb8d2748be57f,daily-20260211T230026Z,1e29ea38e9c7789166418c9a3544bff9,Washington Wizards @ Cleveland Cavaliers,07:10 PM ET,Donovan Mitchell,player_assists,over,5.5,A,draftkings,-121,-173,0.6526600704739806,0.192049,,,,,,,
d4ee0724af7ee752,daily-20260211T230026Z,1e29ea38e9c7789166418c9a3544bff9,Washington Wizards @ Cleveland Cavaliers,07:10 PM ET,Sam Merrill,player_threes,over,2.5,A,fanduel,-130,-189,0.6737259201252936,0.191977,,,,,,,
a0867de5eaad3ab7,daily-20260211T230026Z,fa53065fb88985857fe9cfe5372477dc,New York Knicks @ Philadelphia 76ers,07:30 PM ET,Dominick Barlow,player_rebounds,over,4.5,B,draftkings,-128,-175,0.6686688606776098,0.191066,,,,,,,
d022061224600b8d,daily-20260211T230026Z,1e29ea38e9c7789166418c9a3544bff9,Washington Wizards @ Cleveland Cavaliers,07:10 PM ET,Tre Johnson,player_assists,over,2.5,B,draftkings,104,-125,0.5834754646840148,0.19029,,,,,,,
9c68486cf8e38785,daily-20260211T230026Z,c09c552bcc0d68d3e96c860980ae1563,Detroit Pistons @ Toronto Raptors,07:30 PM ET,Tobias Harris,player_rebounds,over,5.5,A,fanduel,102,-134,0.5892478655173823,0.190281,,,,,,,
c3abe46877efffd0,daily-20260211T230026Z,fa53065fb88985857fe9cfe5372477dc,New York Knicks @ Philadelphia 76ers,07:30 PM ET,Mitchell Robinson,player_points,over,4.5,A,fanduel,-122,-174,0.653959379689845,0.189992,,,,,,,
94fb8a4deff7a91c,daily-20260211T230026Z,1e29ea38e9c7789166418c9a3544bff9,Washington Wizards @ Cleveland Cavaliers,07:10 PM ET,Jarrett Allen,player_rebounds,over,10.5,A,fanduel,108,-125,0.5721029468786352,0.189974,,,,,,,
d1f729c99f0f6c7a,daily-20260211T230026Z,7c66ba90233d458cdf37f776c8a9f406,Atlanta Hawks @ Charlotte Hornets,07:10 PM ET,Nickeil Alexander-Walker,player_assists,over,3.5,A,fanduel,-146,-218,0.705987142754817,0.18954,,,,,,,
9373ba4fd52ffa75,daily-20260211T230026Z,7c66ba90233d458cdf37f776c8a9f406,Atlanta Hawks @ Charlotte Hornets,07:10 PM ET,Grant Williams,player_rebounds,over,5.5,A,fanduel,-113,-158,0.6309413164579526,0.189296,,,,,,,
747174e6baef7344,daily-20260211T230026Z,7c66ba90233d458cdf37f776c8a9f406,Atlanta Hawks @ Charlotte Hornets,07:10 PM ET,Jalen Johnson,player_rebounds,over,9.5,A,draftkings,-133,-193,0.6786883661916846,0.18898,,,,,,,
407b28e0b86125d5,daily-20260211T230026Z,c09c552bcc0d68d3e96c860980ae1563,Detroit Pistons @ Toronto Raptors,07:30 PM ET,Jamal Shead,player_points,over,5.5,B,draftkings,-108,-143,0.6172023956080519,0.188686,,,,,,,
86f05dfccea4d700,daily-20260211T230026Z,8cdd1f682ca6ed36e908ecf3b00f01bc,Indiana Pacers @ Brooklyn Nets,07:40 PM ET,Ben Sheppard,player_threes,over,1.5,A,draftkings,-162,-249,0.7348822517990194,0.188513,,,,,,,
3c1e55d67ed603cf,daily-20260211T230026Z,1e29ea38e9c7789166418c9a3544bff9,Washington Wizards @ Cleveland Cavaliers,07:10 PM ET,Tre Johnson,player_threes,over,2.5,A,fanduel,110,-122,0.5659283819628648,0.18845,,,,,,,
99219b9501087437,daily-20260211T230026Z,1e29ea38e9c7789166418c9a3544bff9,Washington Wizards @ Cleveland Cavaliers,07:10 PM ET,Bilal Coulibaly,player_assists,over,2.5,B,draftkings,102,-127,0.588260141079496,0.188285,,,,,,,
8ad8cb94692e929f,daily-20260211T230026Z,fa53065fb88985857fe9cfe5372477dc,New York Knicks @ Philadelphia 76ers,07:30 PM ET,Jalen Brunson,player_assists,over,5.5,B,fanduel,-148,-208,0.7087341600901916,0.187609,,,,,,,
bd623f08bedaddeb,daily-20260211T230026Z,7c66ba90233d458cdf37f776c8a9f406,Atlanta Hawks @ Charlotte Hornets,07:10 PM ET,Nickeil Alexander-Walker,player_threes,over,2.5,A,draftkings,-159,-242,0.728500796330509,0.186677,,,,,,,
1599b72016fd6686,daily-20260211T230026Z,1e29ea38e9c7789166418c9a3544bff9,Washington Wizards @ Cleveland Cavaliers,07:10 PM ET,Bilal Coulibaly,player_rebounds,over,4.5,A,fanduel,100,-135,0.5914842105263157,0.182968,,,,,,,
5f454adcb23d91f1,daily-20260211T230026Z,fa53065fb88985857fe9cfe5372477dc,New York Knicks @ Philadelphia 76ers,07:30 PM ET,Kelly Oubre Jr,player_threes,over,1.5,B,draftkings,-154,-215,0.7171594069842564,0.182847,,,,,,,
f9a173111491826f,daily-20260211T230026Z,1e29ea38e9c7789166418c9a3544bff9,Washington Wizards @ Cleveland Cavaliers,07:10 PM ET,James Harden,player_threes,over,2.5,A,fanduel,-118,-164,0.6401610067229787,0.18267,,,,,,,
4b3ae79dd5ef3b83,daily-20260211T230026Z,c09c552bcc0d68d3e96c860980ae1563,Detroit Pistons @ Toronto Raptors,07:30 PM ET,Sandro Mamukelashvili,player_assists,over,2.5,B,draftkings,137,110,0.49899137146639994,0.18261,,,,,,,
06b0452df63f5f0d,daily-20260211T230026Z,c09c552bcc0d68d3e96c860980ae1563,Detroit Pistons @ Toronto Raptors,07:30 PM ET,Duncan Robinson,player_assists,over,1.5,B,draftkings,-119,-158,0.6425942166821806,0.182589,,,,,,,
2e348baf5baeb656,daily-20260211T230026Z,1e29ea38e9c7789166418c9a3544bff9,Washington Wizards @ Cleveland Cavaliers,07:10 PM ET,James Harden,player_assists,over,7.5,A,fanduel,-128,-181,0.6637837617962903,0.182365,,,,,,,
9ca2eaf3538a9777,daily-20260211T230026Z,7c66ba90233d458cdf37f776c8a9f406,Atlanta Hawks @ Charlotte Hornets,07:10 PM ET,Zaccharie Risacher,player_rebounds,over,2.5,A,draftkings,-149,-218,0.7062229047978584,0.180198,,,,,,,
466d55123e8d91ab,daily-20260211T230026Z,c09c552bcc0d68d3e96c860980ae1563,Detroit Pistons @ Toronto Raptors,07:30 PM ET,Immanuel Quickley,player_rebounds,over,4.5,B,fanduel,134,108,0.5041736330209939,0.179766,,,,,,,
0475507752207eaa,daily-20260211T230026Z,7c66ba90233d458cdf37f776c8a9f406,Atlanta Hawks @ Charlotte Hornets,07:10 PM ET,Sion James,player_assists,over,2.5,B,draftkings,-105,-135,0.6040954314720812,0.179424,,,,,,,
fb25cbfc0e35f7a3,daily-20260211T230026Z,7c66ba90233d458cdf37f776c8a9f406,Atlanta Hawks @ Charlotte Hornets,07:10 PM ET,Dyson Daniels,player_assists,over,5.5,B,draftkings,-150,-207,0.7075184372256365,0.179197,,,,,,,
8150eaefff2f9d68,daily-20260211T230026Z,c09c552bcc0d68d3e96c860980ae1563,Detroit Pistons @ Toronto Raptors,07:30 PM ET,Brandon Ingram,player_assists,over,3.5,A,draftkings,121,-107,0.5331226139294927,0.178201,,,,,,,
a314c87e554d08e5,daily-20260211T230026Z,7c66ba90233d458cdf37f776c8a9f406,Atlanta Hawks @ Charlotte Hornets,07:10 PM ET,Kon Knueppel,player_threes,over,3.5,A,draftkings,-102,-137,0.5948358742837299,0.178008,,,,,,,
2a95d26393e84a13,daily-20260211T230026Z,8cdd1f682ca6ed36e908ecf3b00f01bc,Indiana Pacers @ Brooklyn Nets,07:40 PM ET,Ben Sheppard,player_rebounds,over,3.5,B,fanduel,-166,-233,0.7348794380981784,0.177578,,,,,,,
481fe0775c8ef7c1,daily-20260211T230026Z,7c66ba90233d458cdf37f776c8a9f406,Atlanta Hawks @ Charlotte Hornets,07:10 PM ET,Dyson Daniels,player_rebounds,over,5.5,B,draftkings,-125,-165,0.6538045685279189,0.176848,,,,,,,
434230e6576ccc82,daily-20260211T230026Z,c09c552bcc0d68d3e96c860980ae1563,Detroit Pistons @ Toronto Raptors,07:30 PM ET,Cade Cunningham,player_threes,over,1.5,A,fanduel,-154,-225,0.7134290025256667,0.176695,,,,,,,
1673305c95e4f117,daily-20260211T230026Z,c09c552bcc0d68d3e96c860980ae1563,Detroit Pistons @ Toronto Raptors,07:30 PM ET,R.J. Barrett,player_rebounds,over,5.5,A,draftkings,117,-111,0.5407880285018358,0.17351,,,,,,,
e37f54484e76ef0b,daily-20260211T230026Z,c09c552bcc0d68d3e96c860980ae1563,Detroit Pistons @ Toronto Raptors,07:30 PM ET,Sandro Mamukelashvili,player_points,over,11.5,B,fanduel,-125,-163,0.6514589211618258,0.172626,,,,,,,
ff7acda25d6d5961,daily-20260211T230026Z,c09c552bcc0d68d3e96c860980ae1563,Detroit Pistons @ Toronto Raptors,07:30 PM ET,Ja'Kobe Walter,player_rebounds,over,2.5,A,draftkings,109,-120,0.5610226993865031,0.172537,,,,,,,
06bf7ecdfc199c02,daily-20260211T230026Z,c09c552bcc0d68d3e96c860980ae1563,Detroit Pistons @ Toronto Raptors,07:30 PM ET,Scottie Barnes,player_points,over,17.5,B,draftkings,-126,-165,0.6535594617046021,0.172257,,,,,,,
7871dd6a3b24d778,daily-20260211T230026Z,fa53065fb88985857fe9cfe5372477dc,New York Knicks @ Philadelphia 76ers,07:30 PM ET,Mitchell Robinson,player_rebounds,over,9.5,B,fanduel,106,-118,0.5690225666460013,0.172186,,,,,,,
0243886e6977a0c7,daily-20260211T230026Z,c09c552bcc0d68d3e96c860980ae1563,Detroit Pistons @ Toronto Raptors,07:30 PM ET,Duncan Robinson,player_rebounds,over,2.5,B,draftkings,-105,-133,0.6003135593220339,0.172041,,,,,,,
007405fc7dd5298f,daily-20260211T230026Z,fa53065fb88985857fe9cfe5372477dc,New York Knicks @ Philadelphia 76ers,07:30 PM ET,Kelly Oubre Jr,player_rebounds,over,4.5,B,draftkings,-159,-217,0.7190811219056669,0.171333,,,,,,,
bec32695b51261e0,daily-20260211T230026Z,7c66ba90233d458cdf37f776c8a9f406,Atlanta Hawks @ Charlotte Hornets,07:10 PM ET,Onyeka Okongwu,player_threes,over,1.5,A,fanduel,-164,-240,0.7271550037622272,0.170542,,,,,,,
edc18da0a5e8c4b6,daily-20260211T230026Z,c09c552bcc0d68d3e96c860980ae1563,Detroit Pistons @ Toronto Raptors,07:30 PM ET,R.J. Barrett,player_assists,over,3.5,A,fanduel,118,-109,0.5364755632582322,0.169517,,,,,,,
d9e0a8eea5cf07f4,daily-20260211T230026Z,c09c552bcc0d68d3e96c860980ae1563,Detroit Pistons @ Toronto Raptors,07:30 PM ET,Immanuel Quickley,player_threes,over,2.5,A,fanduel,126,-101,0.5170355512585891,0.1685,,,,,,,
67de8e41b45234c8,daily-20260211T230026Z,c09c552bcc0d68d3e96c860980ae1563,Detroit Pistons @ Toronto Raptors,07:30 PM ET,Duncan Robinson,player_threes,over,2.5,A,draftkings,-138,-192,0.6767012037178122,0.167064,,,,,,,
f880dcf327a3facd,daily-20260211T230026Z,fa53065fb88985857fe9cfe5372477dc,New York Knicks @ Philadelphia 76ers,07:30 PM ET,Mikal Bridges,player_threes,over,1.5,A,fanduel,-156,-222,0.7098747168311584,0.164923,,,,,,,
74df4c1323c7a7c8,daily-20260211T230026Z,1e29ea38e9c7789166418c9a3544bff9,Washington Wizards @ Cleveland Cavaliers,07:10 PM ET,Jaylon Tyson,player_rebounds,over,5.5,A,draftkings,-124,-167,0.6444042320013489,0.164085,,,,,,,
0cd372766d3bc9e5,daily-20260211T230026Z,1e29ea38e9c7789166418c9a3544bff9,Washington Wizards @ Cleveland Cavaliers,07:10 PM ET,Sam Merrill,player_rebounds,over,2.5,B,draftkings,-105,-131,0.5961954314720812,0.164001,,,,,,,
9d4e18248c5739ff,daily-20260211T230026Z,1e29ea38e9c7789166418c9a3544bff9,Washington Wizards @ Cleveland Cavaliers,07:10 PM ET,James Harden,player_rebounds,over,4.5,A,fanduel,-118,-156,0.6268976043919481,0.158167,,,,,,,
5cfaac585cd3190f,daily-20260211T230026Z,fa53065fb88985857fe9cfe5372477dc,New York Knicks @ Philadelphia 76ers,07:30 PM ET,Jalen Brunson,player_rebounds,over,2.5,B,draftkings,-174,-233,0.734379376696966,0.156436,,,,,,,
e84a0f7c03f04f9b,daily-20260211T230026Z,1e29ea38e9c7789166418c9a3544bff9,Washington Wizards @ Cleveland Cavaliers,07:10 PM ET,Tre Johnson,player_rebounds,over,2.5,B,draftkings,-117,-146,0.6228908202329559,0.155276,,,,,,,
aec845a71776e8a4,daily-20260211T230026Z,c09c552bcc0d68d3e96c860980ae1563,Detroit Pistons @ Toronto Raptors,07:30 PM ET,Daniss Jenkins,player_assists,over,2.5,B,draftkings,-158,-206,0.7073618257673587,0.155059,,,,,,,
52bed3ebc6bc8a08,daily-20260211T230026Z,7c66ba90233d458cdf37f776c8a9f406,Atlanta Hawks @ Charlotte Hornets,07:10 PM ET,LaMelo Ball,player_threes,over,3.5,A,fanduel,-130,-173,0.6525677058353319,0.154543,,,,,,,
a868ce5d9549938b,daily-20260211T230026Z,fe5025ebf8e01fd991276b32c2720ea7,Chicago Bulls @ Boston Celtics,07:40 PM ET,Matas Buzelis,player_points,over,16.5,A,fanduel,100,-127,0.5761428571428571,0.152286,,,,,,,
71c2b12685c58358,daily-20260211T230026Z,c09c552bcc0d68d3e96c860980ae1563,Detroit Pistons @ Toronto Raptors,07:30 PM ET,Scottie Barnes,player_rebounds,over,8.5,A,draftkings,-102,-130,0.581619794344473,0.151835,,,,,,,
840c4e907354f779,daily-20260211T230026Z,1e29ea38e9c7789166418c9a3544bff9,Washington Wizards @ Cleveland Cavaliers,07:10 PM ET,Will Riley,player_rebounds,over,3.5,B,draftkings,-120,-149,0.6279214574898786,0.151189,,,,,,,
72a9eb1f69cd0e2f,daily-20260211T230026Z,c09c552bcc0d68d3e96c860980ae1563,Detroit Pistons @ Toronto Raptors,07:30 PM ET,Sandro Mamukelashvili,player_rebounds,over,6.5,B,draftkings,111,-108,0.5448952351730859,0.149729,,,,,,,
a32d3923d6fefb32,daily-20260211T230026Z,7c66ba90233d458cdf37f776c8a9f406,Atlanta Hawks @ Charlotte Hornets,07:10 PM ET,Ryan Kalkbrenner,player_rebounds,over,6.5,A,fanduel,-138,-183,0.6665012037178121,0.149473,,,,,,,
b18930f69c671774,daily-20260211T230026Z,fe5025ebf8e01fd991276b32c2720ea7,Chicago Bulls @ Boston Celtics,07:40 PM ET,Jaden Ivey,player_points,over,11.5,A,fanduel,-108,-137,0.5951207746794585,0.146159,,,,,,,
7a23ea822a6f651e,daily-20260211T230026Z,fe5025ebf8e01fd991276b32c2720ea7,Chicago Bulls @ Boston Celtics,07:40 PM ET,Anfernee Simons,player_points,over,17.5,A,draftkings,-109,-138,0.59736262553802,0.145402,,,,,,,
e865c03aaaa2454a,daily-20260211T230026Z,7c66ba90233d458cdf37f776c8a9f406,Atlanta Hawks @ Charlotte Hornets,07:10 PM ET,Kon Knueppel,player_rebounds,over,5.5,A,fanduel,-150,-200,0.6865244367417677,0.144207,,,,,,,
ea9d6941c6f6a604,daily-20260211T230026Z,c09c552bcc0d68d3e96c860980ae1563,Detroit Pistons @ Toronto Raptors,07:30 PM ET,Ausar Thompson,player_rebounds,over,5.5,B,fanduel,-156,-197,0.6964767565413734,0.142936,,,,,,,
1af745aa894f0c43,daily-20260211T230026Z,fe5025ebf8e01fd991276b32c2720ea7,Chicago Bulls @ Boston Celtics,07:40 PM ET,Matas Buzelis,player_points_rebounds_assists,over,24.5,B,fanduel,-108,-130,0.592602395608052,0.141308,,,,,,,
960870f099588f39,daily-20260211T230026Z,fa53065fb88985857fe9cfe5372477dc,New York Knicks @ Philadelphia 76ers,07:30 PM ET,Mitchell Robinson,player_rebounds,over,8.5,B,draftkings,-122,-148,0.627103623898139,0.141123,,,,,,,
c96c9c98d9600984,daily-20260211T230026Z,1e29ea38e9c7789166418c9a3544bff9,Washington Wizards @ Cleveland Cavaliers,07:10 PM ET,Justin Champagnie,player_rebounds,over,6.5,B,draftkings,-138,-170,0.6608984833941255,0.13981,,,,,,,
b1c3a1923582a9a2,daily-20260211T230026Z,1e29ea38e9c7789166418c9a3544bff9,Washington Wizards @ Cleveland Cavaliers,07:10 PM ET,Jaylon Tyson,player_threes,over,1.5,A,draftkings,-180,-246,0.7327199552822806,0.139787,,,,,,,
6142a5d7df156018,daily-20260211T230026Z,1e29ea38e9c7789166418c9a3544bff9,Washington Wizards @ Cleveland Cavaliers,07:10 PM ET,Jarrett Allen,player_assists,over,1.5,B,draftkings,-172,-218,0.720070401437987,0.138716,,,,,,,
09689987c4e8cbbe,daily-20260211T230026Z,fe5025ebf8e01fd991276b32c2720ea7,Chicago Bulls @ Boston Celtics,07:40 PM ET,Collin Sexton,player_points,over,16.5,A,draftkings,-105,-131,0.5831657638136512,0.138562,,,,,,,
2c491eb9fb14eeef,daily-20260211T230026Z,fe5025ebf8e01fd991276b32c2720ea7,Chicago Bulls @ Boston Celtics,07:40 PM ET,Collin Sexton,player_points_rebounds_assists,over,24.5,B,fanduel,-111,-133,0.5988445875753168,0.138344,,,,,,,
2c365ae56a5ce9d4,daily-20260211T230026Z,fe5025ebf8e01fd991276b32c2720ea7,Chicago Bulls @ Boston Celtics,07:40 PM ET,Jaden Ivey,player_assists,over,3.5,A,draftkings,113,-108,0.5337384099427895,0.136863,,,,,,,
621aa2485ed40210,daily-20260211T230026Z,c09c552bcc0d68d3e96c860980ae1563,Detroit Pistons @ Toronto Raptors,07:30 PM ET,Brandon Ingram,player_rebounds,over,5.5,A,fanduel,-113,-141,0.6030058838394474,0.136639,,,,,,,
7bec1d574c3e13a9,daily-20260211T230026Z,fe5025ebf8e01fd991276b32c2720ea7,Chicago Bulls @ Boston Celtics,07:40 PM ET,Jaden Ivey,player_points_rebounds_assists,over,18.5,B,fanduel,-113,-135,0.603,0.136628,,,,,,,
735074db9c07a9f0,daily-20260211T230026Z,7c66ba90233d458cdf37f776c8a9f406,Atlanta Hawks @ Charlotte Hornets,07:10 PM ET,Grant Williams,player_threes,over,1.5,A,fanduel,-142,-183,0.6665606364172068,0.13597,,,,,,,
b63ff6cd8e371c07,daily-20260211T230026Z,c09c552bcc0d68d3e96c860980ae1563,Detroit Pistons @ Toronto Raptors,07:30 PM ET,R.J. Barrett,player_threes,over,1.5,A,fanduel,-113,-141,0.6017413164579527,0.134256,,,,,,,
440c260c70fee17f,daily-20260211T230026Z,fe5025ebf8e01fd991276b32c2720ea7,Chicago Bulls @ Boston Celtics,07:40 PM ET,Anfernee Simons,player_points_rebounds_assists,over,24.5,B,fanduel,-122,-145,0.6217593796898448,0.131398,,,,,,,
a0989c7204bc673e,daily-20260211T230026Z,1e29ea38e9c7789166418c9a3544bff9,Washington Wizards @ Cleveland Cavaliers,07:10 PM ET,Kyshawn George,player_threes,over,1.5,A,fanduel,-170,-223,0.7106873315363883,0.128739,,,,,,,
4b38ddc343e9175d,daily-20260211T230026Z,c09c552bcc0d68d3e96c860980ae1563,Detroit Pistons @ Toronto Raptors,07:30 PM ET,Immanuel Quickley,player_assists,over,4.5,A,fanduel,-148,-189,0.6730626335507147,0.127835,,,,,,,
9aabf53167bfa373,daily-20260211T230026Z,1e29ea38e9c7789166418c9a3544bff9,Washington Wizards @ Cleveland Cavaliers,07:10 PM ET,Dennis Schroder,player_threes,over,0.5,B,draftkings,-188,-234,0.7353779888810925,0.126536,,,,,,,
404f98b8b52e6068,daily-20260211T230026Z,fe5025ebf8e01fd991276b32c2720ea7,Chicago Bulls @ Boston Celtics,07:40 PM ET,Anfernee Simons,player_threes,over,3.5,A,fanduel,134,114,0.48127363302099396,0.12618,,,,,,,
7170356b99425df0,daily-20260211T230026Z,c09c552bcc0d68d3e96c860980ae1563,Detroit Pistons @ Toronto Raptors,07:30 PM ET,Brandon Ingram,player_threes,over,1.5,A,fanduel,-120,-147,0.6135835212489159,0.124903,,,,,,,
50552a35dcb046fb,daily-20260211T230026Z,c09c552bcc0d68d3e96c860980ae1563,Detroit Pistons @ Toronto Raptors,07:30 PM ET,Caris LeVert,player_rebounds,over,1.5,B,draftkings,-191,-236,0.7371081580894008,0.123029,,,,,,,
9f6f2dc7929c508c,daily-20260211T230026Z,fe5025ebf8e01fd991276b32c2720ea7,Chicago Bulls @ Boston Celtics,07:40 PM ET,Matas Buzelis,player_threes,over,2.5,A,draftkings,128,109,0.4918449962377727,0.121407,,,,,,,
c8ac725d37fee88e,daily-20260211T230026Z,fe5025ebf8e01fd991276b32c2720ea7,Chicago Bulls @ Boston Celtics,07:40 PM ET,Patrick Williams,player_points,over,8.5,A,draftkings,-120,-146,0.610891891891892,0.119968,,,,,,,
86c3006d36eac03e,daily-20260211T230026Z,eb36e00b7d03160ba917374db994fae4,Los Angeles Clippers @ Houston Rockets,08:10 PM ET,John Collins,player_points,over,14.5,A,fanduel,102,-116,0.5530122788474795,0.117085,,,,,,,
edb8bb7e1c925304,daily-20260211T230026Z,c09c552bcc0d68d3e96c860980ae1563,Detroit Pistons @ Toronto Raptors,07:30 PM ET,Sandro Mamukelashvili,player_threes,over,1.5,A,fanduel,-113,-135,0.5916457625700661,0.115226,,,,,,,
342ec418ac3411e5,daily-20260211T230026Z,eb36e00b7d03160ba917374db994fae4,Los Angeles Clippers @ Houston Rockets,08:10 PM ET,Alperen Sengun,player_points,over,19.5,A,fanduel,102,-115,0.5519531945965681,0.114945,,,,,,,
3b9d9b22e690d1e4,daily-20260211T230026Z,c09c552bcc0d68d3e96c860980ae1563,Detroit Pistons @ Toronto Raptors,07:30 PM ET,Scottie Barnes,player_assists,over,4.5,A,draftkings,-159,-198,0.6843365915192289,0.114737,,,,,,,
572f3abab7430cb4,daily-20260211T230026Z,c09c552bcc0d68d3e96c860980ae1563,Detroit Pistons @ Toronto Raptors,07:30 PM ET,Sandro Mamukelashvili,player_rebounds,over,5.5,B,fanduel,-150,-175,0.6676244367417677,0.112707,,,,,,,
9d526f1971d8aefb,daily-20260211T230026Z,fe5025ebf8e01fd991276b32c2720ea7,Chicago Bulls @ Boston Celtics,07:40 PM ET,Jaden Ivey,player_rebounds,over,3.5,A,fanduel,-102,-120,0.5617596941561989,0.112504,,,,,,,
e3fe1761e05d5fb7,daily-20260211T230026Z,eb36e00b7d03160ba917374db994fae4,Los Angeles Clippers @ Houston Rockets,08:10 PM ET,Kobe Sanders,player_points,over,5.5,A,fanduel,104,-112,0.5434354377397977,0.108608,,,,,,,
edfea872cacdbc4d,daily-20260211T230026Z,7c66ba90233d458cdf37f776c8a9f406,Atlanta Hawks @ Charlotte Hornets,07:10 PM ET,Sion James,player_threes,over,0.5,B,draftkings,-197,-232,0.7341257599674118,0.106778,,,,,,,
46a6c7d6374b6c28,daily-20260211T230026Z,fe5025ebf8e01fd991276b32c2720ea7,Chicago Bulls @ Boston Celtics,07:40 PM ET,Anfernee Simons,player_assists,over,3.5,A,draftkings,-132,-157,0.6290592442854923,0.105619,,,,,,,
1b34e94c8f7eff60,daily-20260211T230026Z,eb36e00b7d03160ba917374db994fae4,Los Angeles Clippers @ Houston Rockets,08:10 PM ET,Brook Lopez,player_points,over,8.5,A,draftkings,-106,-123,0.5682,0.104238,,,,,,,
e15e2ce4a2967b68,daily-20260211T230026Z,1e29ea38e9c7789166418c9a3544bff9,Washington Wizards @ Cleveland Cavaliers,07:10 PM ET,Justin Champagnie,player_threes,over,0.5,B,draftkings,-233,-278,0.7722028576722737,0.10362,,,,,,,
015b8e9e02f0f767,daily-20260211T230026Z,7c66ba90233d458cdf37f776c8a9f406,Atlanta Hawks @ Charlotte Hornets,07:10 PM ET,Josh Green,player_threes,over,0.5,B,draftkings,-210,-247,0.7473653524773449,0.103254,,,,,,,
aafed4eab54393f2,daily-20260211T230026Z,eb36e00b7d03160ba917374db994fae4,Los Angeles Clippers @ Houston Rockets,08:10 PM ET,Kris Dunn,player_points_rebounds_assists,over,15.5,A,draftkings,-104,-120,0.5617965080750763,0.101985,,,,,,,
916f13eb3c45dbd0,daily-20260211T230026Z,c09c552bcc0d68d3e96c860980ae1563,Detroit Pistons @ Toronto Raptors,07:30 PM ET,Immanuel Quickley,player_rebounds,over,3.5,B,draftkings,-157,-179,0.67315837591332,0.101922,,,,,,,
eea5a351d1fae477,daily-20260211T230026Z,eb36e00b7d03160ba917374db994fae4,Los Angeles Clippers @ Houston Rockets,08:10 PM ET,Amen Thompson,player_points_rebounds_assists,over,28.5,A,fanduel,-102,-117,0.5554715542521994,0.100052,,,,,,,
3657738155e82a2d,daily-20260211T230026Z,eb36e00b7d03160ba917374db994fae4,Los Angeles Clippers @ Houston Rockets,08:10 PM ET,Brook Lopez,player_rebounds,over,3.5,A,draftkings,110,-103,0.523812022327179,0.100005,,,,,,,
bebeb75371d0d1a7,daily-20260211T230026Z,eb36e00b7d03160ba917374db994fae4,Los Angeles Clippers @ Houston Rockets,08:10 PM ET,Kawhi Leonard,player_rebounds,over,6.5,A,fanduel,126,112,0.4864185898581282,0.099306,,,,,,,
0594549fd8db99c6,daily-20260211T230026Z,fe5025ebf8e01fd991276b32c2720ea7,Chicago Bulls @ Boston Celtics,07:40 PM ET,Anfernee Simons,player_rebounds,over,3.5,B,draftkings,125,115,0.4885029469548134,0.099132,,,,,,,
0e01f9bb0595fd67,daily-20260211T230026Z,eb36e00b7d03160ba917374db994fae4,Los Angeles Clippers @ Houston Rockets,08:10 PM ET,Kawhi Leonard,player_points_rebounds_assists,over,37.5,A,fanduel,-108,-124,0.5705303165053623,0.098799,,,,,,,
40a92add59629013,daily-20260211T230026Z,eb36e00b7d03160ba917374db994fae4,Los Angeles Clippers @ Houston Rockets,08:10 PM ET,Kevin Durant,player_threes,over,2.5,A,fanduel,132,118,0.4729769251124636,0.097306,,,,,,,
6ddc47a5343ad2e7,daily-20260211T230026Z,eb36e00b7d03160ba917374db994fae4,Los Angeles Clippers @ Houston Rockets,08:10 PM ET,Reed Sheppard,player_threes,over,2.5,A,fanduel,132,118,0.4729769251124636,0.097306,,,,,,,
dc36e28dc6649d66,daily-20260211T230026Z,eb36e00b7d03160ba917374db994fae4,Los Angeles Clippers @ Houston Rockets,08:10 PM ET,Kobe Sanders,player_points_rebounds_assists,over,10.5,A,draftkings,102,-111,0.5423958566261098,0.09564,,,,,,,
627c1a086c811a97,daily-20260211T230026Z,eb36e00b7d03160ba917374db994fae4,Los Angeles Clippers @ Houston Rockets,08:10 PM ET,Yanic Konan Niederhauser,player_points,over,5.5,A,fanduel,100,-113,0.5474122538293217,0.094825,,,,,,,
eccfc29b33091e23,daily-20260211T230026Z,fe5025ebf8e01fd991276b32c2720ea7,Chicago Bulls @ Boston Celtics,07:40 PM ET,Patrick Williams,player_rebounds,over,3.5,A,draftkings,-114,-130,0.5829861135524698,0.094377,,,,,,,
edc165bf3782f4c5,daily-20260211T230026Z,eb36e00b7d03160ba917374db994fae4,Los Angeles Clippers @ Houston Rockets,08:10 PM ET,Amen Thompson,player_points,over,15.5,A,fanduel,-115,-131,0.5850539325842696,0.093796,,,,,,,
9428e1cc0442dcad,daily-20260211T230026Z,eb36e00b7d03160ba917374db994fae4,Los Angeles Clippers @ Houston Rockets,08:10 PM ET,Brook Lopez,player_threes,over,1.5,A,draftkings,105,-107,0.5331828064337215,0.093025,,,,,,,
7bc93dc345e30baa,daily-20260211T230026Z,eb36e00b7d03160ba917374db994fae4,Los Angeles Clippers @ Houston Rockets,08:10 PM ET,John Collins,player_threes,over,1.5,A,fanduel,162,147,0.41658130667286675,0.091443,,,,,,,
4d9ca93bc978bf85,daily-20260211T230026Z,fe5025ebf8e01fd991276b32c2720ea7,Chicago Bulls @ Boston Celtics,07:40 PM ET,Collin Sexton,player_assists,over,4.5,A,fanduel,-136,-157,0.62872265565244,0.091019,,,,,,,
6499e9bed1ef427e,daily-20260211T230026Z,eb36e00b7d03160ba917374db994fae4,Los Angeles Clippers @ Houston Rockets,08:10 PM ET,Brook Lopez,player_points_rebounds_assists,over,14.5,B,fanduel,100,-108,0.5448743801652892,0.089749,,,,,,,
b747e4311b391660,daily-20260211T230026Z,eb36e00b7d03160ba917374db994fae4,Los Angeles Clippers @ Houston Rockets,08:10 PM ET,Tari Eason,player_points_rebounds_assists,over,19.5,B,fanduel,-102,-110,0.5499410788381742,0.089099,,,,,,,
7563851c7a1e2c17,daily-20260211T230026Z,eb36e00b7d03160ba917374db994fae4,Los Angeles Clippers @ Houston Rockets,08:10 PM ET,Clint Capela,player_points,over,4.5,B,draftkings,113,105,0.5112563625798955,0.088976,,,,,,,
dea03c9e4f0c059e,daily-20260211T230026Z,eb36e00b7d03160ba917374db994fae4,Los Angeles Clippers @ Houston Rockets,08:10 PM ET,Reed Sheppard,player_rebounds,over,2.5,A,fanduel,106,-105,0.5276403929848753,0.086939,,,,,,,
3ed8cda6612c2153,daily-20260211T230026Z,fe5025ebf8e01fd991276b32c2720ea7,Chicago Bulls @ Boston Celtics,07:40 PM ET,Matas Buzelis,player_rebounds,over,5.5,A,fanduel,-113,-127,0.5762704018448136,0.086244,,,,,,,
83cf53734c3f619b,daily-20260211T230026Z,eb36e00b7d03160ba917374db994fae4,Los Angeles Clippers @ Houston Rockets,08:10 PM ET,Jabari Smith Jr,player_points_rebounds_assists,over,22.5,B,fanduel,-108,-116,0.5634023956080518,0.085071,,,,,,,
8d894b766c267044,daily-20260211T230026Z,fe5025ebf8e01fd991276b32c2720ea7,Chicago Bulls @ Boston Celtics,07:40 PM ET,Jaden Ivey,player_threes,over,1.5,A,draftkings,-151,-173,0.6520275609259385,0.083834,,,,,,,
a0ff668d4784d93f,daily-20260211T230026Z,eb36e00b7d03160ba917374db994fae4,Los Angeles Clippers @ Houston Rockets,08:10 PM ET,Kevin Durant,player_points_rebounds_assists,over,33.5,A,draftkings,-122,-137,0.5949470140416173,0.082609,,,,,,,
5a8e2ec388b8b490,daily-20260211T230026Z,eb36e00b7d03160ba917374db994fae4,Los Angeles Clippers @ Houston Rockets,08:10 PM ET,Kris Dunn,player_points,over,7.5,A,fanduel,-108,-120,0.5617930292157868,0.081972,,,,,,,
5406d245f80423c5,daily-20260211T230026Z,eb36e00b7d03160ba917374db994fae4,Los Angeles Clippers @ Houston Rockets,08:10 PM ET,Kawhi Leonard,player_points,over,26.5,A,fanduel,-113,-126,0.5735754192827041,0.081164,,,,,,,
0c5cc69ee5b04c44,daily-20260211T230026Z,fe5025ebf8e01fd991276b32c2720ea7,Chicago Bulls @ Boston Celtics,07:40 PM ET,Collin Sexton,player_threes,over,1.5,A,fanduel,-128,-143,0.6069256198347108,0.081086,,,,,,,
422f2ecdf0bacf4a,daily-20260211T230026Z,eb36e00b7d03160ba917374db994fae4,Los Angeles Clippers @ Houston Rockets,08:10 PM ET,Kobe Sanders,player_rebounds,over,2.5,A,draftkings,110,100,0.5147371980676329,0.080948,,,,,,,
38b7ad1efd3e0a8c,daily-20260211T230026Z,eb36e00b7d03160ba917374db994fae4,Los Angeles Clippers @ Houston Rockets,08:10 PM ET,Jabari Smith Jr,player_points_rebounds_assists,over,23.5,B,draftkings,-105,-111,0.5534954314720811,0.080634,,,,,,,
cc1d45766f540577,daily-20260211T230026Z,eb36e00b7d03160ba917374db994fae4,Los Angeles Clippers @ Houston Rockets,08:10 PM ET,John Collins,player_points_rebounds_assists,over,21.5,B,fanduel,-115,-122,0.5779554124246831,0.080525,,,,,,,
dedf612ea19530cb,daily-20260211T230026Z,eb36e00b7d03160ba917374db994fae4,Los Angeles Clippers @ Houston Rockets,08:10 PM ET,Brook Lopez,player_points_rebounds_assists,over,13.5,B,draftkings,-108,-115,0.5605444326617178,0.079567,,,,,,,
750d730458d3c9ed,daily-20260211T230026Z,eb36e00b7d03160ba917374db994fae4,Los Angeles Clippers @ Houston Rockets,08:10 PM ET,John Collins,player_points_rebounds_assists,over,22.5,B,draftkings,-107,-113,0.5575800575807954,0.078683,,,,,,,
47d8ba1bfffd30f8,daily-20260211T230026Z,eb36e00b7d03160ba917374db994fae4,Los Angeles Clippers @ Houston Rockets,08:10 PM ET,Reed Sheppard,player_points_rebounds_assists,over,16.5,B,fanduel,-120,-127,0.5883711906744379,0.078681,,,,,,,
844f94d3882bcfad,daily-20260211T230026Z,eb36e00b7d03160ba917374db994fae4,Los Angeles Clippers @ Houston Rockets,08:10 PM ET,Jabari Smith Jr,player_points,over,14.5,B,draftkings,-103,-109,0.5464356355194429,0.076956,,,,,,,
554c27546515576c,daily-20260211T230026Z,eb36e00b7d03160ba917374db994fae4,Los Angeles Clippers @ Houston Rockets,08:10 PM ET,Reed Sheppard,player_points,over,12.5,B,draftkings,-103,-109,0.5464356355194429,0.076956,,,,,,,
845fb47dd27c038d,daily-20260211T230026Z,eb36e00b7d03160ba917374db994fae4,Los Angeles Clippers @ Houston Rockets,08:10 PM ET,Kawhi Leonard,player_assists,over,4.5,A,fanduel,120,111,0.48914079126875853,0.07611,,,,,,,
44bdad11ae66b39e,daily-20260211T230026Z,eb36e00b7d03160ba917374db994fae4,Los Angeles Clippers @ Houston Rockets,08:10 PM ET,Alperen Sengun,player_points_rebounds_assists,over,33.5,B,fanduel,-125,-132,0.5976589211618257,0.075786,,,,,,,
d7c3a6233a9882d8,daily-20260211T230026Z,eb36e00b7d03160ba917374db994fae4,Los Angeles Clippers @ Houston Rockets,08:10 PM ET,Amen Thompson,player_assists,over,5.5,B,fanduel,122,117,0.48442324345862664,0.07542,,,,,,,
22cc9e55b241595e,daily-20260211T230026Z,eb36e00b7d03160ba917374db994fae4,Los Angeles Clippers @ Houston Rockets,08:10 PM ET,Reed Sheppard,player_points_rebounds_assists,over,17.5,B,draftkings,-115,-121,0.5748179153094463,0.07466,,,,,,,
c1d4ac9846835acd,daily-20260211T230026Z,eb36e00b7d03160ba917374db994fae4,Los Angeles Clippers @ Houston Rockets,08:10 PM ET,Yanic Konan Niederhauser,player_rebounds,over,4.5,B,fanduel,134,129,0.45907363302099397,0.074232,,,,,,,
38119d45c68c0f0c,daily-20260211T230026Z,eb36e00b7d03160ba917374db994fae4,Los Angeles Clippers @ Houston Rockets,08:10 PM ET,Alperen Sengun,player_rebounds,over,9.5,A,fanduel,106,-102,0.5212419639179504,0.073758,,,,,,,
544246e252f67575,daily-20260211T230026Z,eb36e00b7d03160ba917374db994fae4,Los Angeles Clippers @ Houston Rockets,08:10 PM ET,Tari Eason,player_points,over,11.5,A,draftkings,-112,-123,0.5671542374299339,0.073542,,,,,,,
b06f82af9b2e6906,daily-20260211T230026Z,eb36e00b7d03160ba917374db994fae4,Los Angeles Clippers @ Houston Rockets,08:10 PM ET,Reed Sheppard,player_assists,over,2.5,A,fanduel,-113,-124,0.5693548712503319,0.073209,,,,,,,
feb32227df825ec3,daily-20260211T230026Z,eb36e00b7d03160ba917374db994fae4,Los Angeles Clippers @ Houston Rockets,08:10 PM ET,Jabari Smith Jr,player_threes,over,2.5,B,draftkings,141,136,0.4452628600864885,0.073083,,,,,,,
34f44635a5a84ebf,daily-20260211T230026Z,eb36e00b7d03160ba917374db994fae4,Los Angeles Clippers @ Houston Rockets,08:10 PM ET,Kevin Durant,player_points,over,24.5,A,draftkings,-114,-125,0.5713375502008032,0.072511,,,,,,,
0f38e48cae100dd5,daily-20260211T230026Z,786e38c6d2a209bb12801b30f17e9ef2,Milwaukee Bucks @ Orlando Magic,07:00 PM ET,Myles Turner,player_points,over,12.5,A,draftkings,101,-107,0.5331314117491981,0.071594,,,,,,,
b492342686eec831,daily-20260211T230026Z,eb36e00b7d03160ba917374db994fae4,Los Angeles Clippers @ Houston Rockets,08:10 PM ET,Jabari Smith Jr,player_points,over,13.5,B,fanduel,-113,-118,0.5682,0.071032,,,,,,,
1d05350398a88830,daily-20260211T230026Z,eb36e00b7d03160ba917374db994fae4,Los Angeles Clippers @ Houston Rockets,08:10 PM ET,Reed Sheppard,player_points,over,11.5,B,fanduel,-113,-118,0.5682,0.071032,,,,,,,
902822321ad4f2c7,daily-20260211T230026Z,eb36e00b7d03160ba917374db994fae4,Los Angeles Clippers @ Houston Rockets,08:10 PM ET,Kris Dunn,player_rebounds,over,2.5,A,draftkings,-152,-168,0.6452160583941606,0.0697,,,,,,,
c218212e0a48adb4,daily-20260211T230026Z,eb36e00b7d03160ba917374db994fae4,Los Angeles Clippers @ Houston Rockets,08:10 PM ET,Kevin Durant,player_rebounds,over,5.5,B,fanduel,130,126,0.46427201210287433,0.067826,,,,,,,
a6e04adf656e2468,daily-20260211T230026Z,786e38c6d2a209bb12801b30f17e9ef2,Milwaukee Bucks @ Orlando Magic,07:00 PM ET,A.J. Green,player_points,over,11.5,A,fanduel,-104,-112,0.5442451287496682,0.067558,,,,,,,
599866ae642f465e,daily-20260211T230026Z,fe5025ebf8e01fd991276b32c2720ea7,Chicago Bulls @ Boston Celtics,07:40 PM ET,Jaylen Brown,player_points_rebounds_assists,over,41.5,A,fanduel,-106,-114,0.5493129632882487,0.067533,,,,,,,
885513eb2500fba7,daily-20260211T230026Z,eb36e00b7d03160ba917374db994fae4,Los Angeles Clippers @ Houston Rockets,08:10 PM ET,Alperen Sengun,player_points_rebounds_assists,over,34.5,B,draftkings,-125,-130,0.5929532258064516,0.067316,,,,,,,
53486438140f789b,daily-20260211T230026Z,786e38c6d2a209bb12801b30f17e9ef2,Milwaukee Bucks @ Orlando Magic,07:00 PM ET,Bobby Portis,player_threes,over,1.5,A,draftkings,109,102,0.5106283198456959,0.067213,,,,,,,
ecc1eb759855e847,daily-20260211T230026Z,eb36e00b7d03160ba917374db994fae4,Los Angeles Clippers @ Houston Rockets,08:10 PM ET,Jabari Smith Jr,player_rebounds,over,6.5,A,fanduel,-130,-141,0.6020615900572105,0.065186,,,,,,,
afdb66169fe76450,daily-20260211T230026Z,eb36e00b7d03160ba917374db994fae4,Los Angeles Clippers @ Houston Rockets,08:10 PM ET,Kris Dunn,player_assists,over,4.5,A,draftkings,-109,-117,0.5551295981551863,0.064423,,,,,,,
39c2b1b1423780f0,daily-20260211T230026Z,eb36e00b7d03160ba917374db994fae4,Los Angeles Clippers @ Houston Rockets,08:10 PM ET,Clint Capela,player_points,over,3.5,B,fanduel,-128,-132,0.5971256198347108,0.06363,,,,,,,
e148d553a532ed3a,daily-20260211T230026Z,eb36e00b7d03160ba917374db994fae4,Los Angeles Clippers @ Houston Rockets,08:10 PM ET,Josh Okogie,player_points,over,5.5,B,draftkings,-128,-132,0.5971256198347108,0.06363,,,,,,,
bda95480d514ba8a,daily-20260211T230026Z,fe5025ebf8e01fd991276b32c2720ea7,Chicago Bulls @ Boston Celtics,07:40 PM ET,Collin Sexton,player_rebounds,over,2.5,B,draftkings,-134,-138,0.6083398589205041,0.062325,,,,,,,
2c52a0abb7af13e2,daily-20260211T230026Z,786e38c6d2a209bb12801b30f17e9ef2,Milwaukee Bucks @ Orlando Magic,07:00 PM ET,Kevin Porter Jr.,player_points_rebounds_assists,over,34.5,A,draftkings,-111,-119,0.5588,0.062223,,,,,,,
d1d66b2f3238a299,daily-20260211T230026Z,eb36e00b7d03160ba917374db994fae4,Los Angeles Clippers @ Houston Rockets,08:10 PM ET,Kawhi Leonard,player_threes,over,2.5,A,draftkings,104,-102,0.520658804523425,0.062144,,,,,,,
662e97f81d7f5eed,daily-20260211T230026Z,fe5025ebf8e01fd991276b32c2720ea7,Chicago Bulls @ Boston Celtics,07:40 PM ET,Nikola Vucevic,player_points,over,14.5,A,fanduel,102,-104,0.5254399295260195,0.061389,,,,,,,
061677afe38b9e46,daily-20260211T230026Z,fe5025ebf8e01fd991276b32c2720ea7,Chicago Bulls @ Boston Celtics,07:40 PM ET,Matas Buzelis,player_assists,over,1.5,B,draftkings,-183,-189,0.6861457956411614,0.061089,,,,,,,
2a6736902cad09e3,daily-20260211T230026Z,fe5025ebf8e01fd991276b32c2720ea7,Chicago Bulls @ Boston Celtics,07:40 PM ET,Anfernee Simons,player_rebounds,over,2.5,B,fanduel,-174,-178,0.6717896704837579,0.057876,,,,,,,
e1fc109baf1150e7,daily-20260211T230026Z,eb36e00b7d03160ba917374db994fae4,Los Angeles Clippers @ Houston Rockets,08:10 PM ET,Clint Capela,player_rebounds,over,5.5,B,draftkings,115,113,0.4918288369669069,0.057432,,,,,,,
562b2bff925a610b,daily-20260211T230026Z,fe5025ebf8e01fd991276b32c2720ea7,Chicago Bulls @ Boston Celtics,07:40 PM ET,Payton Pritchard,player_points_rebounds_assists,over,27.5,A,fanduel,-104,-110,0.5390081081081082,0.057285,,,,,,,
e5a1893b60f0606a,daily-20260211T230026Z,eb36e00b7d03160ba917374db994fae4,Los Angeles Clippers @ Houston Rockets,08:10 PM ET,John Collins,player_assists,over,1.5,B,draftkings,102,101,0.5230601410794959,0.056581,,,,,,,
807d9548f72a421b,daily-20260211T230026Z,fe5025ebf8e01fd991276b32c2720ea7,Chicago Bulls @ Boston Celtics,07:40 PM ET,Neemias Queta,player_points,over,8.5,A,fanduel,-108,-114,0.5484050921861281,0.056188,,,,,,,
ce2fc75b148194cf,daily-20260211T230026Z,eb36e00b7d03160ba917374db994fae4,Los Angeles Clippers @ Houston Rockets,08:10 PM ET,Alperen Sengun,player_assists,over,5.5,A,fanduel,-122,-129,0.5793445750755795,0.054217,,,,,,,
cd4d48f15913fed7,daily-20260211T230026Z,786e38c6d2a209bb12801b30f17e9ef2,Milwaukee Bucks @ Orlando Magic,07:00 PM ET,Kyle Kuzma,player_points_rebounds_assists,over,22.5,B,fanduel,-113,-114,0.5588,0.053313,,,,,,,
c755f2f4119b6cd0,daily-20260211T230026Z,eb36e00b7d03160ba917374db994fae4,Los Angeles Clippers @ Houston Rockets,08:10 PM ET,Brook Lopez,player_assists,over,1.5,B,draftkings,-101,-102,0.5291958197414522,0.053152,,,,,,,
8b40fa86d9d2770c,daily-20260211T230026Z,fe5025ebf8e01fd991276b32c2720ea7,Chicago Bulls @ Boston Celtics,07:40 PM ET,Derrick White,player_points,over,17.5,A,fanduel,-111,-116,0.5538696834946377,0.052851,,,,,,,
3e0df0223dd08a86,daily-20260211T230026Z,eb36e00b7d03160ba917374db994fae4,Los Angeles Clippers @ Houston Rockets,08:10 PM ET,John Collins,player_rebounds,over,5.5,A,draftkings,-129,-136,0.5929306140599102,0.052567,,,,,,,
997227524bd69bf4,daily-20260211T230026Z,fe5025ebf8e01fd991276b32c2720ea7,Chicago Bulls @ Boston Celtics,07:40 PM ET,Jaylen Brown,player_points,over,29.5,A,fanduel,-106,-111,0.5409184165232358,0.051219,,,,,,,
61852a80b4a51439,daily-20260211T230026Z,786e38c6d2a209bb12801b30f17e9ef2,Milwaukee Bucks @ Orlando Magic,07:00 PM ET,Myles Turner,player_points_rebounds_assists,over,19.5,A,fanduel,-120,-126,0.5733711906744379,0.051181,,,,,,,
e90341bf96fd35aa,daily-20260211T230026Z,eb36e00b7d03160ba917374db994fae4,Los Angeles Clippers @ Houston Rockets,08:10 PM ET,Tari Eason,player_threes,over,1.5,A,draftkings,-124,-130,0.5816237288135594,0.050675,,,,,,,
c19a5923c6f282cc,daily-20260211T230026Z,fe5025ebf8e01fd991276b32c2720ea7,Chicago Bulls @ Boston Celtics,07:40 PM ET,Payton Pritchard,player_points,over,17.5,A,fanduel,-104,-108,0.5356248160191681,0.050649,,,,,,,
f3abb092e4cfa600,daily-20260211T230026Z,786e38c6d2a209bb12801b30f17e9ef2,Milwaukee Bucks @ Orlando Magic,07:00 PM ET,Kyle Kuzma,player_points,over,14.5,B,fanduel,100,-100,0.5252743801652893,0.050549,,,,,,,
afa3def97927d85e,daily-20260211T230026Z,786e38c6d2a209bb12801b30f17e9ef2,Milwaukee Bucks @ Orlando Magic,07:00 PM ET,Bobby Portis,player_points,over,13.5,B,fanduel,-104,-104,0.5354406203101549,0.050287,,,,,,,
66c97db930f266a4,daily-20260211T230026Z,fe5025ebf8e01fd991276b32c2720ea7,Chicago Bulls @ Boston Celtics,07:40 PM ET,Neemias Queta,player_points_rebounds_assists,over,17.5,B,fanduel,-120,-120,0.572791891891892,0.050118,,,,,,,
682c610b21699c29,daily-20260211T230026Z,786e38c6d2a209bb12801b30f17e9ef2,Milwaukee Bucks @ Orlando Magic,07:00 PM ET,A.J. Green,player_threes,over,3.5,A,fanduel,130,126,0.4563714507370054,0.049654,,,,,,,
2a0b8ad63f2f4d99,daily-20260211T230026Z,786e38c6d2a209bb12801b30f17e9ef2,Milwaukee Bucks @ Orlando Magic,07:00 PM ET,Kevin Porter Jr.,player_threes,over,1.5,A,fanduel,-118,-123,0.5675069506529932,0.048445,,,,,,,
f3f251d1aff71072,daily-20260211T230026Z,eb36e00b7d03160ba917374db994fae4,Los Angeles Clippers @ Houston Rockets,08:10 PM ET,Amen Thompson,player_rebounds,over,6.5,A,fanduel,-140,-145,0.6098691192865107,0.04549,,,,,,,
4465d91982261544,daily-20260211T230026Z,786e38c6d2a209bb12801b30f17e9ef2,Milwaukee Bucks @ Orlando Magic,07:00 PM ET,Kevin Porter Jr.,player_points,over,20.5,A,draftkings,-119,-123,0.5678188400938653,0.044978,,,,,,,
dea54c6bd36798fe,daily-20260211T230026Z,786e38c6d2a209bb12801b30f17e9ef2,Milwaukee Bucks @ Orlando Magic,07:00 PM ET,Kyle Kuzma,player_assists,over,2.5,A,draftkings,-153,-158,0.631254200934272,0.043839,,,,,,,
557fd97a95c22a93,daily-20260211T230026Z,786e38c6d2a209bb12801b30f17e9ef2,Milwaukee Bucks @ Orlando Magic,07:00 PM ET,Jalen Suggs,player_threes,over,2.5,A,fanduel,158,155,0.40427849407738176,0.043039,,,,,,,
bcec86980dbfb989,daily-20260211T230026Z,fe5025ebf8e01fd991276b32c2720ea7,Chicago Bulls @ Boston Celtics,07:40 PM ET,Sam Hauser,player_points,over,9.5,A,draftkings,-117,-120,0.5622762907608695,0.042854,,,,,,,
8876453f521fc982,daily-20260211T230026Z,786e38c6d2a209bb12801b30f17e9ef2,Milwaukee Bucks @ Orlando Magic,07:00 PM ET,Kevin Porter Jr.,player_rebounds,over,5.5,A,draftkings,104,102,0.5099432777232581,0.040284,,,,,,,
a087ca607cf4b9c4,daily-20260211T230026Z,fe5025ebf8e01fd991276b32c2720ea7,Chicago Bulls @ Boston Celtics,07:40 PM ET,Derrick White,player_assists,over,5.5,A,fanduel,-125,-128,0.5778419437340153,0.040115,,,,,,,
30e559939f7ad2df,daily-20260211T230026Z,eb36e00b7d03160ba917374db994fae4,Los Angeles Clippers @ Houston Rockets,08:10 PM ET,Tari Eason,player_rebounds,over,5.5,A,fanduel,-142,-145,0.6101606364172069,0.039851,,,,,,,
5573295c3616c32c,daily-20260211T230026Z,fe5025ebf8e01fd991276b32c2720ea7,Chicago Bulls @ Boston Celtics,07:40 PM ET,Nikola Vucevic,player_threes,over,1.5,A,draftkings,154,152,0.4092844781127663,0.039583,,,,,,,
47088e9399ddeec4,daily-20260211T230026Z,eb36e00b7d03160ba917374db994fae4,Los Angeles Clippers @ Houston Rockets,08:10 PM ET,Kevin Durant,player_assists,over,3.5,A,fanduel,-160,-163,0.6389601552393274,0.03831,,,,,,,
6f275f76429991bb,daily-20260211T230026Z,786e38c6d2a209bb12801b30f17e9ef2,Milwaukee Bucks @ Orlando Magic,07:00 PM ET,Kevin Porter Jr.,player_assists,over,7.5,A,draftkings,-140,-142,0.6049221238938054,0.037009,,,,,,,
3741a6248a73c758,daily-20260211T230026Z,786e38c6d2a209bb12801b30f17e9ef2,Milwaukee Bucks @ Orlando Magic,07:00 PM ET,Myles Turner,player_rebounds,over,5.5,A,fanduel,106,105,0.5033842045051087,0.036971,,,,,,,
e3e8cf8f45ff70d4,daily-20260211T230026Z,786e38c6d2a209bb12801b30f17e9ef2,Milwaukee Bucks @ Orlando Magic,07:00 PM ET,Bobby Portis,player_rebounds,over,6.5,A,fanduel,-104,-105,0.5278601887273655,0.035418,,,,,,,
193525388ef6a55a,daily-20260211T230026Z,786e38c6d2a209bb12801b30f17e9ef2,Milwaukee Bucks @ Orlando Magic,07:00 PM ET,Paolo Banchero,player_threes,over,1.5,A,fanduel,164,163,0.3920894991922456,0.035116,,,,,,,
766099bafab5ed32,daily-20260211T230026Z,786e38c6d2a209bb12801b30f17e9ef2,Milwaukee Bucks @ Orlando Magic,07:00 PM ET,Desmond Bane,player_points,over,17.5,A,draftkings,-115,-115,0.5509932683790965,0.030118,,,,,,,
